market_name,token_id_yes,token_id_no,date_time,market_slug,condition_id
"XRP Up or Down - July 18, 12AM ET",43636943743398854352469526134246014785643413736872921371478911865024427826227,83199892541189046850016264058860387754066986851010929496290702891521983342995,2025-07-18 00:00 EDT,xrp-up-or-down-july-18-12am-et,0xa6664d2f3cd492b60e97771c04aa8702d81b73e23dca30bae325f43ea1e44357
"XRP Up or Down - July 18, 1AM ET",85757756009218390583740389565440091635076566723367089522557162472741156659196,8715229180765966931882764075697392184965096910560958595816707326788849446241,2025-07-18 01:00 EDT,xrp-up-or-down-july-18-1am-et,0xdbe9f8aca7852f56af8b0e6b65d55640995f0bc33601510599f7d6fc325d45b2
"XRP Up or Down - July 18, 2AM ET",115440210566005967767628903651040710869373846524844567754692207018301339046750,96502545093563384905216094771236320301167672758034547684307371900649144619239,2025-07-18 02:00 EDT,xrp-up-or-down-july-18-2am-et,0x34a92843ad31c4d2c7fabbc2f0b2287f3e00634ced96a4a722d56ffabdaafa20
"XRP Up or Down - July 18, 3AM ET",90597509471912300235837599020596332302026156904490075629127863525031672586054,59268940125158564662767771109186908269138285344573934769195964252493677768933,2025-07-18 03:00 EDT,xrp-up-or-down-july-18-3am-et,0xe178dd3588c16f4798a4ed19ae837ad3d1be3b8322a67691818a086b941de522
"XRP Up or Down - July 18, 4AM ET",326961703216078145698603069684046113714394261803806880046540572341930323624,62636727115359088550189665572688642305403290547136835925038441130969713703796,2025-07-18 04:00 EDT,xrp-up-or-down-july-18-4am-et,0x64bc4fef4b8723219ed4d3dada7a08e1dc854827dceeb9c1bd6a268f6ddd7e08
"XRP Up or Down - July 18, 5AM ET",13069586992527732054671088364914318875251922883863228006445297841324491968620,14139478761711444914856905321608336795141400466949317701697396024166744677814,2025-07-18 05:00 EDT,xrp-up-or-down-july-18-5am-et,0x07eef856b25822b3c4dfdc472b59c48a6c1dce354a758e00e63d91febc5273c5
"XRP Up or Down - July 18, 6AM ET",83576810822039951043610581595084077097909808280721975930459336738592161313430,3923145391338028274594517523043948710115998396018972629700312972682001038219,2025-07-18 06:00 EDT,xrp-up-or-down-july-18-6am-et,0x58f155e4964f71d5bce993c12495d32f229072c33fabe8a45fffd85f14b258b4
"XRP Up or Down - July 18, 7AM ET",91527415581542759540333515134821329678950040978488814163138986501157433141111,41300929459416647557436143744598350735497806828264198178633925730168343941783,2025-07-18 07:00 EDT,xrp-up-or-down-july-18-7am-et,0xbe21e0b41d33c6127cb90e8e75d9c04269eeacb44443d2951732ecf078f6e39b
"XRP Up or Down - July 18, 8AM ET",5086969145616867884856635020444548899208881460473602533133191681028609929057,30628212905828089556075261490182127621611091799009187236771703277310160472316,2025-07-18 08:00 EDT,xrp-up-or-down-july-18-8am-et,0x0a49edee6d06a939c9379b74d8851b57c96d6247f112d9cb73927ab6eb718f41
"XRP Up or Down - July 18, 9AM ET",83704766103575950944922787510002830274555723889252820322276872467970801481737,97262275915218075666297691246760359276116029399796457941337030699170076615756,2025-07-18 09:00 EDT,xrp-up-or-down-july-18-9am-et,0x6d2c929966f23e64aad161170c81b44ddf38905564531751aa3d1d954a9c508e
"XRP Up or Down - July 18, 10AM ET",96774004117453440038076177714875073976923583624601783571082910276852613318026,101284726289565279353368551555474869301211620894137230780991347641450348757999,2025-07-18 10:00 EDT,xrp-up-or-down-july-18-10am-et,0x32f226f0555627503e6dc1cc7414ddee256bf16c3e46036406236a3f8d88685b
"XRP Up or Down - July 18, 11AM ET",100517857882152415933472835646286054751616488944358655879241062258169818745565,67428674206682765105875322882434685197001842567064075966915518682242561753103,2025-07-18 11:00 EDT,xrp-up-or-down-july-18-11am-et,0x889657a6f6bf704756de434e28dd8f1df315700c90224e82e2e1b2423b445b1d
"XRP Up or Down - July 18, 12PM ET",11619524961044811341747269480428310317654313035504912186263060174086196659303,18006087778762994001849981600778319808795683178564706376238313704908117866418,2025-07-18 12:00 EDT,xrp-up-or-down-july-18-12pm-et,0x2756ca513b005cda9440dd40a43c65f392c7b429e1256f41bd265a9b2960dd9a
"XRP Up or Down - July 18, 1PM ET",110540215534548981055610136664790215305189514566168502021852317434081126723430,86196475574733040097869690560028659889526360120834816089751863938119817982410,2025-07-18 13:00 EDT,xrp-up-or-down-july-18-1pm-et,0x6b7ec5a45841060dc3c8a1a8542369fd45eecc023208b18fe3a102622c901b9f
"XRP Up or Down - July 18, 2PM ET",102448445619993923545480966486200102634047913193829391093359537244247017035031,47628548892327806506548699028838122775591911121842719085042668727117085669955,2025-07-18 14:00 EDT,xrp-up-or-down-july-18-2pm-et,0xf2181e2da06a1cc7f3d6f3e54a59b2b5fb18a39573190e31c76b3abe90fa9d29
"XRP Up or Down - July 18, 3PM ET",30156809909696421234045663473564320070570737938373906618596190974316767231324,60033732879864319250248719912869835574923969305499744684649014548043793316560,2025-07-18 15:00 EDT,xrp-up-or-down-july-18-3pm-et,0xd5a8f4c8ccf4c9c4e2d5101f77aa35d771783c6680d4a0fc82264ec649f00a6d
"XRP Up or Down - July 18, 4PM ET",59388125437127483984438229147789993077659958485970829518713024101321395677048,47112048461121387709068958700987637790574650664414474796101912831460778036255,2025-07-18 16:00 EDT,xrp-up-or-down-july-18-4pm-et,0x9c07193fab1939237ec9a17d4d30dd715ca85fd1683f63a343d8dff9a5932742
"XRP Up or Down - July 18, 5PM ET",71200977675787850568631454861076877769836691349662968106120270496150201657036,85844152213771296811368125443835990849548129163384964940602999656692886097693,2025-07-18 17:00 EDT,xrp-up-or-down-july-18-5pm-et,0x09fa05bd403b803c9d04305a1617a428f1653842438593554e4220edcb42fe2c
"XRP Up or Down - July 18, 6PM ET",18934176007669559561653801991436855126376869874660119219227461432757160418454,71140577178185703508877061336893931019904339075418978964687547581336946470789,2025-07-18 18:00 EDT,xrp-up-or-down-july-18-6pm-et,0xb332bfa2bb65e14b2bd9b312e8fac77c9ecafeeddb58b25c0c1ae6a99b57cdf4
"XRP Up or Down - July 18, 7PM ET",57538433809243268999152320979254570433665050236595860145010982464896975001198,97320611810722728938414055804062326028443441949071044048392697670342088325762,2025-07-18 19:00 EDT,xrp-up-or-down-july-18-7pm-et,0x6513bc036b2d9d5c18e4feb0c72d7722451c00100b8006b2b1f7be21369905b9
"XRP Up or Down - July 18, 8PM ET",17583290632455791274972365912182880374472865130576283402869671634335633581383,32137297154478104702189649165548942236650818862255911229968411575820426445186,2025-07-18 20:00 EDT,xrp-up-or-down-july-18-8pm-et,0xe8bd4fb4c918b8b22e6a09fff2532036491245fd9a99ae3bbfc18528685c170b
"XRP Up or Down - July 18, 9PM ET",86740924020493930842034247024856798574749528696008759256181904744182772355053,12984950016518890213346820668264858851100078734427815823669781244072957540848,2025-07-18 21:00 EDT,xrp-up-or-down-july-18-9pm-et,0x54530bcb82986037bcc690af91bf099008c28e3c95f73364964788553787d63c
"XRP Up or Down - July 18, 10PM ET",13563220222582318314740969915372717229389411410651624311279768171689738869048,20191924867350118083511429997480704527090732839401068719761377605631401144744,2025-07-18 22:00 EDT,xrp-up-or-down-july-18-10pm-et,0xb7b19de533b664a4862a54ec061aca3cfbc80bc67cde2c8790da0ed3f62720d8
"XRP Up or Down - July 18, 11PM ET",871004637410347844301953657029002716916132533152571337917162677051206147441,68605306078620777558968324832464567018437481363156572898929387381679117947540,2025-07-18 23:00 EDT,xrp-up-or-down-july-18-11pm-et,0xfa463162748ffe9d06288da77f93d7eaaaf0339cadc9de774c2918ed34c38212
"XRP Up or Down - July 19, 12AM ET",54449850803120571624221859784452820351647006616812252375088020955435302805655,25003620948304638882616311899759965498506822029590898843766840612159027011407,2025-07-19 00:00 EDT,xrp-up-or-down-july-19-12am-et,0x21b4553f2479752c825951637954e61ba81da0ffa8bf0de69997a4478e945d73
"XRP Up or Down - July 19, 1AM ET",25301037404824898413076290722574196203712412024051365268983862454227316258340,31376304972977862551468855200870842447420284388871941018573716190279428300418,2025-07-19 01:00 EDT,xrp-up-or-down-july-19-1am-et,0xe79aa08f0dbaac7bf8990f4460d9cdb57eb3fbacb19c3d62c5695ccf90246233
"XRP Up or Down - July 19, 2AM ET",27647768948747418735765396387302735830473768397580514985877027446903773537669,75141075117541494543351432270230048377759512246329631427549335283102668294892,2025-07-19 02:00 EDT,xrp-up-or-down-july-19-2am-et,0x98a8a952e039595df3ea9f6ef97d2eb8c62766b0a77d06fad08a9135b3ad26a1
"XRP Up or Down - July 19, 3AM ET",15600665581966639499447514621190089481572316325878376082822755913992568227784,6854786964965238280747648657222441050360574824780456924248741618022071211705,2025-07-19 03:00 EDT,xrp-up-or-down-july-19-3am-et,0x757d7db8363745a83a5cecfeae4042f6f35d5427d124a695a9ba12a6b1103cad
"XRP Up or Down - July 19, 4AM ET",31234642624271093238409799748894114883078762961609118189773936699695583484682,95702668794073411301745850493338341231001107569326604251812863293999418470712,2025-07-19 04:00 EDT,xrp-up-or-down-july-19-4am-et,0xd61ee372edd43a51957487e9032baa8427f0ed12aef650f075a473d996dedd0a
"XRP Up or Down - July 19, 5AM ET",74124907374180679196164490970428700476350043388663344649599028340427639565224,40930473697078285437560860112089268327720723531262660122070846547964206380605,2025-07-19 05:00 EDT,xrp-up-or-down-july-19-5am-et,0x80295debe78c5044f5a1a390cf85751917a443831b596a4535b847157ecba7b8
"XRP Up or Down - July 19, 6AM ET",47193159795239389157346317876728001971676867881947439406008061749003935304183,31940672150456766718117900350192748255433061691406873633755312559731492800417,2025-07-19 06:00 EDT,xrp-up-or-down-july-19-6am-et,0xfdc3d2d80c21e5ae2cadd987bfd51f0c3420280ff01ffac3c873faee3c251597
"XRP Up or Down - July 19, 7AM ET",1268430199218880766881883968330948599633643979856717521975980484147659960224,87235271384912509847700003449105546457153442202567042942705972289961487792140,2025-07-19 07:00 EDT,xrp-up-or-down-july-19-7am-et,0x1d55e19dbd9d9ceded1129b80295bb2fe8fb1714b16dfaca3bc7a880a0b9f802
"XRP Up or Down - July 19, 8AM ET",82078605091895752663459243267600600578722385850367468700258385466977926580583,27099860274268625196588270205832398820182772649148180014985265290655778145198,2025-07-19 08:00 EDT,xrp-up-or-down-july-19-8am-et,0x3f13e1c60d9fb36196e03421f62f69a3a8489183b3b19adc2982dddd01b8f28f
"XRP Up or Down - July 19, 9AM ET",12830212021277203028024999613445822981654593775288279913611004720892214756253,111904622964120222840967806294685218841854389246246685028363919584113684299089,2025-07-19 09:00 EDT,xrp-up-or-down-july-19-9am-et,0x6d23cb065d384fca9fe52e3b6d562a3917932d7b8b8d1c4e93665f9131189809
"XRP Up or Down - July 19, 10AM ET",21323836669314976137173978566139728035717956383533180773075442626858045217813,46820271780589954617285477692433673469620301202163525810983724789636340938526,2025-07-19 10:00 EDT,xrp-up-or-down-july-19-10am-et,0x60c423d4bbc2725e97c322b536642de76c7b604333873a48956ac349a3e6cf32
"XRP Up or Down - July 19, 11AM ET",109198377857101394230171137997057131282804511412725916553476019842149442219557,81148967384737049589003532894697418260299653040046200893986941924646747804370,2025-07-19 11:00 EDT,xrp-up-or-down-july-19-11am-et,0xd1cacca5c298bb1eb7acb0e129e9f9c09c23424e0575304dc22e13770c3b830d
"XRP Up or Down - July 19, 12PM ET",51127780535807293505041516191991024226400097010398221970478793080788718402133,44887674881609506645158459691939829876905698439597750792724328589993220443879,2025-07-19 12:00 EDT,xrp-up-or-down-july-19-12pm-et,0x0615a7b38665cb1a7cf11b3f359bf8affd1d9fa19159203bd8f617be409e100c
"XRP Up or Down - July 19, 1PM ET",81123920798283964239183161635236799880775798211963367351077163271134006958806,56545763476447652473536098840925485844684831034817658392571030040612943910783,2025-07-19 13:00 EDT,xrp-up-or-down-july-19-1pm-et,0x3daa253ec2ad89200e8b032e516f3293e7cb9ecfcb3c7f91c3200f163d02ebb9
"XRP Up or Down - July 19, 2PM ET",96754020895012258070326269837953719294228104707856410462166375265001068521671,61188599972378779276639407368822803078979034608271607580899082353025999972946,2025-07-19 14:00 EDT,xrp-up-or-down-july-19-2pm-et,0x4bc7c455f11c4f8584c5360072a70852531854addd154d79caa2454f4c4013d0
"XRP Up or Down - July 19, 3PM ET",75588483061802426363244878726011318957689575117349998179344888398650235155190,109821563330504077269151734523682485016366367454902146638134134549827732507403,2025-07-19 15:00 EDT,xrp-up-or-down-july-19-3pm-et,0x2446ecebdfb010e93c20c6873a558f46783fdbb8410328d50c051a5fae363143
"XRP Up or Down - July 19, 4PM ET",91017803939783104920221921477505154044709480842761979424137326094658642894221,12346822100655132471387354762702233223444468127756187667969085845013828567897,2025-07-19 16:00 EDT,xrp-up-or-down-july-19-4pm-et,0x893f81219e21465f76748d1d8659bdabfa2f39c4099bc57b7fd34c95c575ca2a
"XRP Up or Down - July 19, 5PM ET",46082882855861719573449752421938576893466230095096388000184059502979671154596,47505450935488605945635419995541661927694777954098612239071463016423273882867,2025-07-19 17:00 EDT,xrp-up-or-down-july-19-5pm-et,0x2c4985283ca7d7f705ab1352de11c84642943f1590b2f633abe8d5edb3d93fe5
"XRP Up or Down - July 19, 6PM ET",32256870652155143439454186521834840486961145156380653976130670637493039591814,96585726887497298460674550736437737430881760935891418966203743255228606614600,2025-07-19 18:00 EDT,xrp-up-or-down-july-19-6pm-et,0x3d45e36a6f4875b0138a14dbacf6517dc44c54d94def441bb1f110adcd41cb72
"XRP Up or Down - July 19, 7PM ET",91992737197567010824094331194436884148137003824326272975089468736788397973540,101152646227778900243920063051985283453751517599268875618402494438677118486998,2025-07-19 19:00 EDT,xrp-up-or-down-july-19-7pm-et,0x747dd738e53b784108ab2bd0fc9c672df60c37684a5ed16248c26d2c0f16fbe8
"XRP Up or Down - July 19, 8PM ET",45009830834688063246650357735267691437204453523962385740330590254698281156768,43548223222997623558142785623679657944069431306479625375489615328370903169622,2025-07-19 20:00 EDT,xrp-up-or-down-july-19-8pm-et,0x3bf73be6e670aa0dfa78319a134c8b643677ca78998602ba0996ae41a3fdecb3
"XRP Up or Down - July 19, 9PM ET",7854808754616725744417562054841212615169804874687926322041660647682986458903,5641352813925782232915645154281313870612744314751135865158272836598151742194,2025-07-19 21:00 EDT,xrp-up-or-down-july-19-9pm-et,0x8aca1b2080724c18e078c46270f27bde398e0d6ee4d09f7b00955a3b68b11eb2
"XRP Up or Down - July 19, 10PM ET",44001208771682945976425207585931822170543858622070598273446835045088757226250,79983378227924745545075782018051003413020432319961805626556451537266911124025,2025-07-19 22:00 EDT,xrp-up-or-down-july-19-10pm-et,0xdd18302342bba5bc15da4f53d1333d98e62c93e617b1c86b4ad7d7115948c40c
"XRP Up or Down - July 19, 11PM ET",43952302256262017026281810637501273697634159473503044250022458743907805517513,35136654295340650279203317703721282249008870585087034669480553817390362494130,2025-07-19 23:00 EDT,xrp-up-or-down-july-19-11pm-et,0x3882ea6c54289e046bbc024acfcedbd25a3c3a7170d0127d9f6a6dcc83319edb
"XRP Up or Down - July 20, 12AM ET",47962126078756615621474023970914230688240632424834858058956161770557908285268,100201317667751893555147933831317228096135587493895005859066023151869615879738,2025-07-20 00:00 EDT,xrp-up-or-down-july-20-12am-et,0x43663430ff44d241b579b9527a17a102d107473ce396c5fcc35bb0bf0e4385f1
"XRP Up or Down - July 20, 1AM ET",54174242965377863419223855414653404309140890719374292886376769645476727347674,102953726193898900638255752825060833997963310493261628606306039215640986481881,2025-07-20 01:00 EDT,xrp-up-or-down-july-20-1am-et,0xc7e2fc77ffcf1cb928a1e02f47ba2f6377c7d29d53d67ab2f00dad86e92d94b1
"XRP Up or Down - July 20, 2AM ET",107358556998428343329111228016154275535270689263884687757415263481637396999330,106301148254358926158155087607710003515125580982535355287657699358059357908735,2025-07-20 02:00 EDT,xrp-up-or-down-july-20-2am-et,0xb634e66c549b84a3870a6fb7ebb097f89e920b88a0344aa4b5087d7539830945
"XRP Up or Down - July 20, 3AM ET",20819416186635953006188663493706744159454172520467318387509819486620523022150,60443430038505181340222308936888214144783267654684768471496979538138596785228,2025-07-20 03:00 EDT,xrp-up-or-down-july-20-3am-et,0x53845d038b64bc314d32ddd9c9aef4292ee6e09d9d1906f52a2d117cf0777152
"XRP Up or Down - July 20, 4AM ET",110307392779850778899597688739806525368909872269010069152216448614189830431606,105527740487117751208474454899538657329157983031138289139414046257289197011910,2025-07-20 04:00 EDT,xrp-up-or-down-july-20-4am-et,0xea41fd6bd84e99bf8f776125a0dbc94d92283d10ca9003b483e2697a2aa6d3ee
"XRP Up or Down - July 20, 5AM ET",20331871910267699531458620076190384697578477280607090895340836703955200404690,66648613400527380747207825023936748728286315362164962583374268536491194486072,2025-07-20 05:00 EDT,xrp-up-or-down-july-20-5am-et,0x9c8bf51792caa8f977e642c663eb6622336dcaec6c45ff1dd90fe1103833700a
"XRP Up or Down - July 20, 6AM ET",101896920292148551880043416050102199192348113803240834232690895232551064876825,91160067020656109778107523107121960011631120851610496315903264816257274636055,2025-07-20 06:00 EDT,xrp-up-or-down-july-20-6am-et,0xe0dd37dbb7280a085e18ca81bdd404bd4260e24bdfa7bd697b0334e4ed1bebcf
"XRP Up or Down - July 20, 7AM ET",22883180962295096531395356035855087212509743092267794867207151472678934636227,82429668908696380646464817365765230485080767219332023718676022760896513344751,2025-07-20 07:00 EDT,xrp-up-or-down-july-20-7am-et,0xe1a28ec037b0240efd80fa0aaa2b984bf77d1d70a1d2eb1e79755519f95844cf
"XRP Up or Down - July 20, 8AM ET",107967978748203167215205922694225928086822046182295775156595063823895670230986,2055439620528479145155672690847306109606744282671806629524456644571467737180,2025-07-20 08:00 EDT,xrp-up-or-down-july-20-8am-et,0x400092c144cd95da4dff16a176ed902e1f0e6a56b01e7de3e07f87381e6d7be3
"XRP Up or Down - July 20, 9AM ET",12994446364899644975349340767846099556875515654414382136738928935616372237325,36877344702439497732756381405689370221945416423534376076214772268320087930494,2025-07-20 09:00 EDT,xrp-up-or-down-july-20-9am-et,0xedd44f9c78e4515b3b95dc70af57a609908d4318dce9258adddc7ccc0f0c9a72
"XRP Up or Down - July 20, 10AM ET",87991360817720268656042939178960971116698628024607519674394487641506860649098,63098853419027003483523753399676215283918756648434884359659205025387151970869,2025-07-20 10:00 EDT,xrp-up-or-down-july-20-10am-et,0xa0be42affcb1f0f4376a4dc9ebfd820936830972e1aabc6e46983a880c1f91d5
"XRP Up or Down - July 20, 11AM ET",11426566761403861323908251908675091129569334472086392433821680453336295959495,42881275622014016956131926068707027370932397125039569695398558835314820938861,2025-07-20 11:00 EDT,xrp-up-or-down-july-20-11am-et,0xf136f01d2fc503b7b6ac4429ea07f26f980bf57c2f0eae7741b063dbf1058b43
"XRP Up or Down - July 20, 12PM ET",98434864599623431746330212877234557985403189326209567588400893650710336747225,58571883737730129518257073390696416384391587720500295267019745596019840134357,2025-07-20 12:00 EDT,xrp-up-or-down-july-20-12pm-et,0xd82956414ba2cf720b74f8902b7f133ed4cb8dd0246615e063bf00471827b256
"XRP Up or Down - July 20, 1PM ET",47263446889536652483794409204802148479290327452010448249742176762256632189661,10432871010982832119235397818820567595870708486195340594314642458721806901623,2025-07-20 13:00 EDT,xrp-up-or-down-july-20-1pm-et,0x803ce9f46e410dbcb6b591f21c64b855d4caedb0e7fcd548acb72e306ad00ce4
"XRP Up or Down - July 20, 2PM ET",83137813479115066415411241794007629341964247434044610644201619567416445277563,82684244925933526285408781970980717193613315533777325634962518428499879214469,2025-07-20 14:00 EDT,xrp-up-or-down-july-20-2pm-et,0x60edc369f80823d21619c7e7d1332e265e1bb52a4dce38a664beee99970af000
"XRP Up or Down - July 20, 3PM ET",42027115122753063239713457719987467585570476669878717189618271309259545139977,109133819738117727478953009541718124877104965463851589663425850743604980976018,2025-07-20 15:00 EDT,xrp-up-or-down-july-20-3pm-et,0x9096c7d9e8137ca248f5c7aa9731943c7c80aa05cd9d29391eaab8c07e839029
"XRP Up or Down - July 20, 4PM ET",98709835417947497079429517419721905352934089539678061224487884829004923861255,103604089883012501106893736606516170978406492080870905505081319316364425782859,2025-07-20 16:00 EDT,xrp-up-or-down-july-20-4pm-et,0xe3cd9cc6a1c9ae5abe79dcd3aadf8a9acadfd2f0f86fde0287e30da672367d2c
"XRP Up or Down - July 20, 5PM ET",80687734859467400710600362734781591263164019353776992963964797443834382448229,15160668144255749702845744989403478706369507128681404507348859725052264500874,2025-07-20 17:00 EDT,xrp-up-or-down-july-20-5pm-et,0x8bb583a21ddd1be515aef563935f33375865d3910cb5a0d795b2a66a79a42b22
"XRP Up or Down - July 20, 6PM ET",86602919800909367042496133084941522343788571228231934847019014269683747052690,56147012630406438128184325985614004424685791138193405625545562975867681120302,2025-07-20 18:00 EDT,xrp-up-or-down-july-20-6pm-et,0x2f001b95375f6ef5d2549a8fa20b2d72ce1960c3dd8639f76849d78d4c58acfd
"XRP Up or Down - July 20, 7PM ET",22324988722067658568545568276065240445312904725844180817999418776654990957911,51801497687338643503719307847813682379648801920524521341608182918055095391294,2025-07-20 19:00 EDT,xrp-up-or-down-july-20-7pm-et,0x0a41740496aef3c760f162fc5d09f0bd71894e3cd43c9785335e106c100e6a30
"XRP Up or Down - July 20, 8PM ET",3998046411047568483560243666414384888178098135813438427000527102628366908771,67938006921157691639381540427517927396257926909574438355925780456461960998260,2025-07-20 20:00 EDT,xrp-up-or-down-july-20-8pm-et,0xf5e300f9dec3d8f831876b7c6e2b1f45934a090cde3ef9653127a4b23088d417
"XRP Up or Down - July 20, 9PM ET",93153671641420729533087547511190998683510722786368889963380561264324422632953,96525901058835089774007104246919508538059272110422745983073050078981903372134,2025-07-20 21:00 EDT,xrp-up-or-down-july-20-9pm-et,0x34d6e8a596885239562682859343557be128740802c4ca519ea1c5c90836f770
"XRP Up or Down - July 20, 10PM ET",32408652237324938264944607089664714007706334330592406582814823973376268224052,14558330183356743076487652116690613247609451267170917241590656755904732803260,2025-07-20 22:00 EDT,xrp-up-or-down-july-20-10pm-et,0x6bc5243e02cb6d083dcd5da0fb6508a6d3b9ae4fae3234dfb6d72e76ec15724a
"XRP Up or Down - July 20, 11PM ET",95224052524966687878351437621626539400649224123940761529021730956208264952731,21671584022816398110489600439548186927761327265241740620886794028818557961641,2025-07-20 23:00 EDT,xrp-up-or-down-july-20-11pm-et,0xaf1d89d48bfa678fc28fc423cbdeaacd57a740217246e4f0f3563f5c537d3da8
"XRP Up or Down - July 21, 12AM ET",21278078426723881835271729246774519822417863868954076282071815759953395181959,76381961566887924450786509850177814263629365830482580521009103314173541112927,2025-07-21 00:00 EDT,xrp-up-or-down-july-21-12am-et,0x01cb57a713dc220c7e22e3b67f97d5f69c3da666f19add51483cd4a2420460a2
"XRP Up or Down - July 21, 1AM ET",42043087965860176831819101706438372682715200182235711556826494004150061313232,82354457314410298993088743050698991351347620229630445296169599109642960737274,2025-07-21 01:00 EDT,xrp-up-or-down-july-21-1am-et,0xa4790f9a87326868fabc275bacfb306d4ea0bac354403fb0f8d3f0fdbb517ac1
"XRP Up or Down - July 21, 2AM ET",88403533981205455875243621327842526089904720187940883607743078818511354460259,68491598792646951152135892058592693568996011977324984832447499411589233388340,2025-07-21 02:00 EDT,xrp-up-or-down-july-21-2am-et,0x5e428dcb5d4d3425c3c2fc8cb47ce6f1888715243aa5d1b3605281d4ac58e998
"XRP Up or Down - July 21, 3AM ET",62248887334288357522300842384523818028107537444303432773280299808254275923189,110113982825605153825035400303388875945866931876659033648343466387712773144275,2025-07-21 03:00 EDT,xrp-up-or-down-july-21-3am-et,0xcd21bc2bd9fce8ef6b92e331249b95a89b5aa510b504e9793c06a6b70eb685b9
"XRP Up or Down - July 21, 4AM ET",85673156201543051091748314383471952805006464616656957196534472585874495921995,113967209762613304322735081058269342200512799525915351136829491421137909809465,2025-07-21 04:00 EDT,xrp-up-or-down-july-21-4am-et,0xa495667420a1612e780ee358a7ce5d4d07ab1d2201b9042d5b373a6b0e51b1ed
"XRP Up or Down - July 21, 5AM ET",16448650005532649586742171234032801292421143770258050791351771631104737119504,65760792523995909426255439381188054690211715667986457747308019457159923098428,2025-07-21 05:00 EDT,xrp-up-or-down-july-21-5am-et,0x1a7c4220b324ece1dcad6858c3c8ee32ee75cdfc7506022ddb2710359fa05f76
"XRP Up or Down - July 21, 6AM ET",55649785540783262942022942776800563820459549833963931475895846892007201914734,76002409500323361271919028425237239666844384773927150558058780694060748925583,2025-07-21 06:00 EDT,xrp-up-or-down-july-21-6am-et,0x905b4df41531ec5624535ffde7b614ba2bc39d3cb5e2414a25c47d3e2b31ebd7
"XRP Up or Down - July 21, 7AM ET",47857387027582525324614620071936497108210635375300802672409942574910907195277,6512166944927085104332225938789930452625108895309580701946251574721595233136,2025-07-21 07:00 EDT,xrp-up-or-down-july-21-7am-et,0x4b965e98e69f9fb82c0a8ece2d4102ac795a284f1d8d46c016aaf7a6ea5549ee
"XRP Up or Down - July 21, 8AM ET",58631539324372309072675035446344878655785839583661748047578933258465681316472,104230821659770465690541957817021800007381333502246654686455128022055635460814,2025-07-21 08:00 EDT,xrp-up-or-down-july-21-8am-et,0xd9076ace9573a663fb16469ce7136fa57ebb69a23130ca77b053588de61eae22
"XRP Up or Down - July 21, 9AM ET",22313574231896668828101355516556247901598666079066741838686988971728352604124,104651020004048786083417466759319962483391283713458553439348218667808352656088,2025-07-21 09:00 EDT,xrp-up-or-down-july-21-9am-et,0xacabaf9fbd097fe376f336f13e51c0565d02c13b9bc271b74f928ef19fc27a90
"XRP Up or Down - July 21, 10AM ET",79147329278840368430159667105964848248706595954384797718094392618087069254382,51746245258138203347401530175397442252777823598229557661919554812964048985457,2025-07-21 10:00 EDT,xrp-up-or-down-july-21-10am-et,0x8574af02185dfe771d25bcd7beb8c957b02aa1764959ad647354e504de661bcc
"XRP Up or Down - July 21, 11AM ET",80323705192790352274755291275588580922917528737869934345417210599625733805254,69893578136130429380543536419722786918135460368192171737801027600602213069333,2025-07-21 11:00 EDT,xrp-up-or-down-july-21-11am-et,0x8bfab5da6f09fd6fa29c23e93125a24fa90c4759a9b7085fe4dcb96fd6d980cd
"XRP Up or Down - July 21, 12PM ET",22589943281063240199101465332180617846346000313899158448692180455832589124921,92686143829489175313275123068380680748171314133719317009952772546713699568017,2025-07-21 12:00 EDT,xrp-up-or-down-july-21-12pm-et,0xdce191673850b9cb34885cdb8243b1a501dfd73d4f67ddab9f43cbf92d865c6b
"XRP Up or Down - July 21, 1PM ET",108510172845172452263979433998593937009881351478049733484587220468204211958439,68781150048760879082298578408771475362383828644881955706958240734190841277895,2025-07-21 13:00 EDT,xrp-up-or-down-july-21-1pm-et,0xa51e9aaeaa1229670c489c290c1eaec05c6a1d25f72f4d5e78a6d4cc8db61f90
"XRP Up or Down - July 21, 2PM ET",31859096850575120904873848238761772317082041317955459548411806081100873145941,111950068117201112178354219572563637759965055368641137002841119371983163024592,2025-07-21 14:00 EDT,xrp-up-or-down-july-21-2pm-et,0x83223b01cc68867f3f1ffdcd8ee96b3a4b4d5502fa04977e9b9ae2e4c02c4a49
"XRP Up or Down - July 21, 3PM ET",111602386977581230661504365625633867859632343310850898787057362723047007543316,22186082437292790389755043754968149384109136014246836222867132955739178068721,2025-07-21 15:00 EDT,xrp-up-or-down-july-21-3pm-et,0x388ebdf48416fca7f0e4ce8434211c3bf873d153e303f0ca2c8aafb32e3a42cd
"XRP Up or Down - July 21, 4PM ET",85111834855789742423255950744581163731349587080910271977833624127555155586976,33186950150266674057437825273095533599432670600964868107525904444288774008688,2025-07-21 16:00 EDT,xrp-up-or-down-july-21-4pm-et,0x309237e9bd913d73923da29bab4045da45ea373cd2daa999031b2041b05f4f59
"XRP Up or Down - July 21, 5PM ET",76438169573051255343397552371767331155993193604190592776605680202947471495122,98483227776491809776106484846434915799780094662932679847665341433712689941703,2025-07-21 17:00 EDT,xrp-up-or-down-july-21-5pm-et,0x580cd39f96645ee7885bdf41a23141be72250de9f5a221aa220ae5661407afa0
"XRP Up or Down - July 21, 6PM ET",18198616663132699405859661986776590866695716435039372501493025831742896065841,39855929543633035369042555657009970916039406053991208148282219744955713757005,2025-07-21 18:00 EDT,xrp-up-or-down-july-21-6pm-et,0xa848c4d4f7eaadcd7db04c54a0f40416d21e791686c1c798ae5f90fe80af5d0a
"XRP Up or Down - July 21, 7PM ET",108498548551810404626404613918591608596767935480350937996951486654551567495549,24456269000951694839571981122070025093568547439472023424468952882654746522954,2025-07-21 19:00 EDT,xrp-up-or-down-july-21-7pm-et,0x122c22081caa79c7df67c2c66a568826223706700f295af55dcd23989d93f3cb
"XRP Up or Down - July 21, 8PM ET",71637987909296893114443880106106807527439944254247540291840910201424205408643,102458197675263695521501020113927337182868000828622861290243339882667131660271,2025-07-21 20:00 EDT,xrp-up-or-down-july-21-8pm-et,0x3786ebf8e7d148e29218f82235f83c5dbddb94f816e1a11791d474957373611e
"XRP Up or Down - July 21, 9PM ET",89886741416661654881312123833133783353370282276026609253257885016397267469813,71607896210610415242574198320895105130673035525990224868612552787386263026174,2025-07-21 21:00 EDT,xrp-up-or-down-july-21-9pm-et,0xee4ae8022274d0242c97bb66c3b529de4a6f580a42d4faa1800ac186c74a8ed3
"XRP Up or Down - July 21, 10PM ET",74022655686495026536173347619747620501661767742368595528907898900811933228051,61505226206224725685648576202115797129593958948089176157841088115240372046685,2025-07-21 22:00 EDT,xrp-up-or-down-july-21-10pm-et,0x71a22b8db699ab5e3615fe1922b41c0cc87495ca6048cab715f73b8e08e4d998
"XRP Up or Down - July 21, 11PM ET",87295854577726545424263286364634757627894923243416546264932551525979322022110,57968093451862885553696794701976804135796512892080865700079572863715596172592,2025-07-21 23:00 EDT,xrp-up-or-down-july-21-11pm-et,0x6032a17b5ec423596fe1698e30665887fea2e5124ed172b478b47da68dabb6d7
"XRP Up or Down - July 22, 12AM ET",114403435079904808497214761113859812758405722885099265141721467686329220946051,28350502832924044034377022181143556392976481674473758839903091684319991205749,2025-07-22 00:00 EDT,xrp-up-or-down-july-22-12am-et,0x6235948af7117d8c3ed0a94690fec0624020f1f9455316d192fa7ab556cbf7a7
"XRP Up or Down - July 22, 1AM ET",95636049522049505380465858142022448011572219933663716905380721706937955682684,19288855697668296779947637324351059460204869066913292102915460316724129339424,2025-07-22 01:00 EDT,xrp-up-or-down-july-22-1am-et,0x6c904d283acdca2ab7e959b8c18d1f0834f669b2cd266e41189b0d93cf1d507a
"XRP Up or Down - July 22, 2AM ET",70797674006956810712705067136275840125208230546947783224797968103120484120137,101995983792946156687594038930054529436551742749431801365992561346162018573580,2025-07-22 02:00 EDT,xrp-up-or-down-july-22-2am-et,0xe601714c304f66e86fb9168799a887b7c6d9ba7e091e356b12daedd8e4d69091
"XRP Up or Down - July 22, 3AM ET",74523417119983329946634317954950944228513314328370398462622275178572170773742,99504761004405681327440902144006299712827420047748196151291409730846887292141,2025-07-22 03:00 EDT,xrp-up-or-down-july-22-3am-et,0x904111a76e86635dad2ce887cbbddb221d80aa712dd1c7c310c296f34f6c7345
"XRP Up or Down - July 22, 4AM ET",63755981174475150091011938641265386235641489402016132423315201164897039785381,32920501406979276662376393371082432760755870737109860592049542854562682191163,2025-07-22 04:00 EDT,xrp-up-or-down-july-22-4am-et,0xf22c931e2bd5c0a20127246dedba708670bb7312b16be4c8225d312d9d227b2d
"XRP Up or Down - July 22, 5AM ET",70528104931382484913847984894032767985003493301916037980226243780081424983202,41234613011024655077690865487886764825646427025283365543111203716458540072214,2025-07-22 05:00 EDT,xrp-up-or-down-july-22-5am-et,0x1c63fc4975879e783dd5b0878ef6cd55e884b5bd3d795b6f12930fc483508ca8
"XRP Up or Down - July 22, 6AM ET",18562071048149283207474514971635782248394713605780740568287581795697047513976,17903291519689986020725194856627095223313934188081550574532782109513363081723,2025-07-22 06:00 EDT,xrp-up-or-down-july-22-6am-et,0x888240dbf186da3f60be909aa6ca6350fe30e0c06ea7d078699d40c7b2faf8b5
"XRP Up or Down - July 22, 7AM ET",107244158101498514316225274793858913935678799623392063331125266796326542718934,70480069814564703967971225827260503766606849751820889943502905752294128955287,2025-07-22 07:00 EDT,xrp-up-or-down-july-22-7am-et,0x01bc099c98747e9b8d28795bcc0474cff80f2e5ed00aa0329ad1c16a8d316e81
"XRP Up or Down - July 22, 8AM ET",111263016325011734571807276716419054328246937284023297871210655263367601522346,54866741377926798253105837750789322626399951726827848534931164448593339809279,2025-07-22 08:00 EDT,xrp-up-or-down-july-22-8am-et,0x39bc23406dea4d3cf10ffe32111e8efb3e5cb8a0fbc5b5806e55a1ec0b77dbef
"XRP Up or Down - July 22, 9AM ET",102482090285614848642943086352460038002417183844212414825759074196367669956216,79616111332508477054991979317287121130107885547093410311952014062349032212257,2025-07-22 09:00 EDT,xrp-up-or-down-july-22-9am-et,0x4f7114824326a7dc4916f3e8955afcc44d1fdf47d86e82248e5ad9d81cd8d4d6
"XRP Up or Down - July 22, 10AM ET",67814927913306042233648602135901356571057363773982991922991790591497945636094,114663169804105568294584655466971027957653455064604560500070402208930556402761,2025-07-22 10:00 EDT,xrp-up-or-down-july-22-10am-et,0x79ed8758bfbefd84d4d4ba756b95421a49cb5f98f5f19d725e61b20e5fd62975
"XRP Up or Down - July 22, 11AM ET",18142915512553683062143459923110257798534470292084062138355255775279790516320,18319348837234251691618656531384432342781232014970950493778270446320291483556,2025-07-22 11:00 EDT,xrp-up-or-down-july-22-11am-et,0xc90b600ecf4aef39a0196a4aed03e4b65ea3b7d0da689de13baac89c1e83666d
"XRP Up or Down - July 22, 12PM ET",12821003738431767054620333251012698272912133082785124250549917817290580895441,42932955554354324641260407599630692105757653818841915209516021301697790501295,2025-07-22 12:00 EDT,xrp-up-or-down-july-22-12pm-et,0xaf5c2d0c24bf7e7ff728a2c4bff4051871f0e7c0630c2531bfcf1c2103f711e9
"XRP Up or Down - July 22, 1PM ET",22246867083482448972785808801167542486221554737318356944338083239209927011708,13263081635053078928275397923738457759593115260138030295137838303334221856456,2025-07-22 13:00 EDT,xrp-up-or-down-july-22-1pm-et,0x5850d63632edb11d50ff4208a40e358f5b99739a49e1ebbcdc857165850d3778
"XRP Up or Down - July 22, 2PM ET",109914488556880194035544899400307120470167099308323675733103608609559052215316,25168483336224716844141923782322256459776519473543209582194686049253491874230,2025-07-22 14:00 EDT,xrp-up-or-down-july-22-2pm-et,0xb72c640d4fb75ae6c776359490667bb4bf605276ba73d66473bda8082852d77f
"XRP Up or Down - July 22, 3PM ET",107048319918329807892529708291188993984103681752279019024065311815957267282583,51025833757943065570546843956180883082211363120933280199640808602504190040435,2025-07-22 15:00 EDT,xrp-up-or-down-july-22-3pm-et,0xd12f91a0e99328eaa80cabbd59dba0a557cec1c5190211b8aa527cfba568b02e
"XRP Up or Down - July 22, 4PM ET",65656282753378770040492358776541139435629613348168213962023737582906366899586,25599181613556164537836987697639535020811628112968792938751472478113280829305,2025-07-22 16:00 EDT,xrp-up-or-down-july-22-4pm-et,0x66510c895bd86cb9608472a272af9af8f859375eddc9b417460a60a58bd3aa02
"XRP Up or Down - July 22, 5PM ET",6567699192672879407393400069248241532506193181156418864818397304556928099403,41743955481018739066611263797136175729360931617128793733880402690053076101836,2025-07-22 17:00 EDT,xrp-up-or-down-july-22-5pm-et,0xac7c3c13a763d0c60f2c29835a6609e2c9a4334d70307c358d1f5df8bc8e3561
"XRP Up or Down - July 22, 6PM ET",101964998082539090032290021591456255828214425163245123147314997382668908899338,87281252849579157949637315881509452589974300455611322343383180756868217049534,2025-07-22 18:00 EDT,xrp-up-or-down-july-22-6pm-et,0x547308c2da81d9bc0bba9617dd6496f4ab14bad3915e803a820143b49ac991e5
"XRP Up or Down - July 22, 7PM ET",86749551264295210593955054039106570943517451817521006966551727381630121569623,89364563770084170075437827476486404019277691264293558178796844422073957050826,2025-07-22 19:00 EDT,xrp-up-or-down-july-22-7pm-et,0x661ae8250a731b42da8163dc02fcd94ac3bdbc365d0e6ca8d4bc59dd3f083c3c
"XRP Up or Down - July 22, 8PM ET",115603710091463177152926418588134702265170731025050727617738059364549207533743,74282526817826656320516385782249557995661354360901528023724062149881291828147,2025-07-22 20:00 EDT,xrp-up-or-down-july-22-8pm-et,0x48c9c5c1d63aa4269ab186bf2483b586310c05e3c4843c86cf2ea8bae8cf4579
"XRP Up or Down - July 22, 9PM ET",101313799588349926020476617539051143793182427591780516952526557332625907634315,53690304184096066385928336973652617621671833220104632717284357045847717102178,2025-07-22 21:00 EDT,xrp-up-or-down-july-22-9pm-et,0x2553c3b402f73debde0b543e96bbfbce0f42195d9dbbbfe8b6946485ab0bd724
"XRP Up or Down - July 22, 10PM ET",38616165470005308099483090587714408553285964840135890658595169112320458266196,65778872369327084325989409917591510549954848283782275378967009381722903346542,2025-07-22 22:00 EDT,xrp-up-or-down-july-22-10pm-et,0xe5acd6cd07494f03c8745265e7ab72ec212c75e88f85b9b86d7c9a25ee8d8fe0
"XRP Up or Down - July 22, 11PM ET",4374437982421947188233968998356516236574836041695438653488369368678393056413,2671230207680179664436696416410600877237742109132091371232515169948925383301,2025-07-22 23:00 EDT,xrp-up-or-down-july-22-11pm-et,0x4e7b83469a7ec28cace2b1984ad5c09068818f21d6b55ac199ebb214898c3391
"XRP Up or Down - July 23, 12AM ET",19974321614288140394373370719230031236191589345782227455410188144637476943465,101114943394233488176879047964558518112553159279348054593177070676448641575227,2025-07-23 00:00 EDT,xrp-up-or-down-july-23-12am-et,0x758896cbe75a0bcf8a91192a7408fcf9890f6fb64c92403b42928f6f350cb47e
"XRP Up or Down - July 23, 1AM ET",59750313328916163927128241135318179101379108570804860603144246969106247410776,45713997709186021136376940598497998618547179412590193975208121468847481777570,2025-07-23 01:00 EDT,xrp-up-or-down-july-23-1am-et,0x0410aaeff08958aca77bdf29afe39c2a89507a3f166be7602082c5d8fb77bd39
"XRP Up or Down - July 23, 2AM ET",96865606688222796380954665412670147523400328180928335782246023896790736063466,54324477572101255672970361759784462629964809988227283580790379586720973150994,2025-07-23 02:00 EDT,xrp-up-or-down-july-23-2am-et,0xc1d74de28d32228d2db3025928504242ad58e14fd677e47fb119f0cd21444750
"XRP Up or Down - July 23, 3AM ET",41112381101336605535891892104611626738232377289103211997992967879594737343111,81474867334204922339198298041238410445024289633413049700529700783893071057643,2025-07-23 03:00 EDT,xrp-up-or-down-july-23-3am-et,0x8eef5640d9508ac54da8082d66f0f77df2bddcbf7c00621e6a57fa4643470e15
"XRP Up or Down - July 23, 4AM ET",106251465630819226076731982067916879649215100494182814097051013910108980798021,11090043724364524828813542368371426766528413179052031043241716216846861918587,2025-07-23 04:00 EDT,xrp-up-or-down-july-23-4am-et,0x0b763362f289821aa2cc627addbd74955b0b3f06712fe459a98a9c03e6b8dd56
"XRP Up or Down - July 23, 5AM ET",39667328300108013552132173901624440885129795857161267329528666112514129480573,54923367297548001958558405059668079215044291211663105307170919246674201924035,2025-07-23 05:00 EDT,xrp-up-or-down-july-23-5am-et,0x75619eb63705680c2da9ffee75d5d6849b1bed75d120de40b49322282744aeec
"XRP Up or Down - July 23, 6AM ET",15975005139194911169651630799592164663214852621200928478967326283641915331325,106692335542896633197779380525668047995786338861727659486238125169274277088029,2025-07-23 06:00 EDT,xrp-up-or-down-july-23-6am-et,0xde8f3328f256d5028e56873edf4b56210766a7d8b713ba37c99dd339e587a5ab
"XRP Up or Down - July 23, 7AM ET",16650856139167854248925188375647801850703476982578599396334299019482953573945,64774434685106468134575207840951131458158994910094735595206656000369961281043,2025-07-23 07:00 EDT,xrp-up-or-down-july-23-7am-et,0x6eef7209af3b4a756a5fcc967379631fb1850b5d98a0187c07a110de7b535f14
"XRP Up or Down - July 23, 8AM ET",47793468011131953046584775898655155902297967752257528028777212945200349491047,9069735515174967666399490796420961914574733262959939211173742621830929746120,2025-07-23 08:00 EDT,xrp-up-or-down-july-23-8am-et,0xea7dbcf019ca099636b381ca3f04708b328023839ab021b9aa0b16dca64afc49
"XRP Up or Down - July 23, 9AM ET",92444185613934128026041999972523418048181170495599407875078126683624146662582,7475410779484605243495081264369718587264180618497702514591890300945556436552,2025-07-23 09:00 EDT,xrp-up-or-down-july-23-9am-et,0x076ff8ee511b573996a401e06ebe4ce873ef71273903bc3f512fe854c9068c3c
"XRP Up or Down - July 23, 10AM ET",94865313983638173175187838891942785653787683542060120514220384219213035873992,51319954071483869183260473235011702055847463691412489856119546406472408287759,2025-07-23 10:00 EDT,xrp-up-or-down-july-23-10am-et,0x43b114dcca407d93f4701c8c2c3d42486aad18e3076c0127c401a34506058f65
"XRP Up or Down - July 23, 11AM ET",114814116091546223797836379737528635364395446573570318045648053385610976468766,72752716313557811643764111481759632989761036674608228712282232150048784126931,2025-07-23 11:00 EDT,xrp-up-or-down-july-23-11am-et,0x85160a20344189570e155e2b5fc45b06c418d11c231cbfc06e435e5b33c5cdcd
"XRP Up or Down - July 23, 12PM ET",25687661184938049392742112412613139830160553134822840074549044501929412155365,3118916540181774481961212460574731346266412026996363424755203269004606729160,2025-07-23 12:00 EDT,xrp-up-or-down-july-23-12pm-et,0x77786836ccbd5f1f227cc8730107b07022c5c3c4228a12a9d191fcfbe8777d20
"XRP Up or Down - July 23, 1PM ET",3203292804215514860841541190286977433935200700574502048318336383097918508235,93740888465120456214556831026765328034721888810155322440396135839386996948467,2025-07-23 13:00 EDT,xrp-up-or-down-july-23-1pm-et,0x95b2b30ba6ac58245e7fabba7b6ce5491a366c1a7ee9796847669996543f3b3c
"XRP Up or Down - July 23, 2PM ET",67058442114964246414985182620025138003021925624711914934153062527408645700653,109630938792920225190145750431149454891624035755446171842839059476373783073065,2025-07-23 14:00 EDT,xrp-up-or-down-july-23-2pm-et,0x6097eb3350f7238c52febdf12cf69afaa957024a9e560fe567313f43a87613ec
"XRP Up or Down - July 23, 3PM ET",106549180644213319625831483888467174353487243259591289513219957488980479607027,12504762872339694340133473817069397335176036256801839462826559360452044261380,2025-07-23 15:00 EDT,xrp-up-or-down-july-23-3pm-et,0x4118ea07f10938f890719c0abafb0ef3907bad41919e02887f1232e3d1746ef3
"XRP Up or Down - July 23, 4PM ET",41117069581807716425996243950383519356692321191962222286547366489762275553963,67854964816296185576091937358312673199231350148999759397655885701587401390510,2025-07-23 16:00 EDT,xrp-up-or-down-july-23-4pm-et,0xd434b24cd9eaab5ae23617db377f6845044dd6f2dce84244fab722f5a4ef098b
"XRP Up or Down - July 23, 5PM ET",72022088626884264618365274721332616658378712599714955998140558342937369662679,102248603178612529386690183480727468407917281381832303084382547215860147234977,2025-07-23 17:00 EDT,xrp-up-or-down-july-23-5pm-et,0xd2c99742c0356854a3f42121c7c1a1c3656796a473241f279bc273b7a21abdd2
"XRP Up or Down - July 23, 6PM ET",88660510811423532217920142780477464532747489884128947403180153084889684671890,66768633513629691091584846339736990076010410587879036338053019989938437114132,2025-07-23 18:00 EDT,xrp-up-or-down-july-23-6pm-et,0x049c37a8dc5c82572de812132eff840d10a8a35bb40df1442837630be0e16aee
"XRP Up or Down - July 23, 7PM ET",50210365549075901746295495652780575289584815925524376262850136285412112644697,90855441036403103195790485946594808476703206181221501680575121720764705136690,2025-07-23 19:00 EDT,xrp-up-or-down-july-23-7pm-et,0x72b4c15af0711d83460f26f27d570b91aef9b6c1e2059fb2b16e33012b5bcac8
"XRP Up or Down - July 23, 8PM ET",34478893225282070137639627015930339111684753744237989038627104421665303326628,67795802741155568557591577169719486802935240119196771927502263174003968537523,2025-07-23 20:00 EDT,xrp-up-or-down-july-23-8pm-et,0x0c2c29cebfbd021de0901ccb77c46929fc581cfc69244d172d03026b6e3dbfb7
"XRP Up or Down - July 23, 9PM ET",48472673804589592176307073917456959808328691739735052297190761632961230960029,77914850615068524809400815474542349240382607507237567582542165959571873110248,2025-07-23 21:00 EDT,xrp-up-or-down-july-23-9pm-et,0xdb44c80446e3eeb5c00d674c2c856bd7a689753ca197441f3c1a26df099c75c3
"XRP Up or Down - July 23, 10PM ET",2973073129921488899312538769864764085797477010506069532897462108931936775224,82181269674065256665240753201682816789574037706665648600053853340133117813424,2025-07-23 22:00 EDT,xrp-up-or-down-july-23-10pm-et,0x9ce89909339e0c2487cabad552d6011806404ae967828e75da197275d63e2d1e
"XRP Up or Down - July 23, 11PM ET",100450229580477733188810335523251056185784117049498150112308983510307649669961,64597214657716415908278210515545171562304795743197094768398596098498824785020,2025-07-23 23:00 EDT,xrp-up-or-down-july-23-11pm-et,0x8d310789efdbf5b38a7e8ef8a3f9c190b207a256f830fcfcc3fecbc150bd4398
"XRP Up or Down - July 24, 12AM ET",104334218795212240296974854264912818018185526501218324051277607618172193232764,113988891375065615329536134307264364041171267230147844415456909305283150313329,2025-07-24 00:00 EDT,xrp-up-or-down-july-24-12am-et,0xc2fe61b35dd3729ac160340ad08447754ad0d54514041ba1e76765afe6217317
"XRP Up or Down - July 24, 1AM ET",7622737699463283279969664925772334948463026307840124592062000732610679420083,90315382632068287090879656312882461916911039087450763354258945422814667580811,2025-07-24 01:00 EDT,xrp-up-or-down-july-24-1am-et,0xb67e0e206d16b728d9bf0fa897392f603eeee4c8cd585ed05750e89883d07e7b
"XRP Up or Down - July 24, 2AM ET",89411814356325259123146837525362349874064680994619088840878092518816118677717,26791886997382413666264748973044238581432499423371442622759196201353920506139,2025-07-24 02:00 EDT,xrp-up-or-down-july-24-2am-et,0x2995336f3e5e8de99fac4b8ad6dacd9b465cc4adcfd03a728fd03882c9657231
"XRP Up or Down - July 24, 3AM ET",65829524434256321678047458616145521364282713663293704329438121705181067494474,48115815626980250516520308240887013771640711485029080869194299412679529431456,2025-07-24 03:00 EDT,xrp-up-or-down-july-24-3am-et,0xca5fdaf64e710ff809e10e7a78be0e09f1829d629fa708bbe92541bd60641fc0
"XRP Up or Down - July 24, 4AM ET",52721529434466926355618859845838844719889730369919393114088839406127165621827,104158182060514738720993905674463918481769010139472930915082605445867370512767,2025-07-24 04:00 EDT,xrp-up-or-down-july-24-4am-et,0xa96626ffc99b11461cd994e0ea2a541a9443dbc28544c0773ef21b53c3b8e95e
"XRP Up or Down - July 24, 5AM ET",55497030911521538100168826041486838993309404198363073334355992479031451084155,431987691651563729146207338751054813514706908962300283050232928302159456574,2025-07-24 05:00 EDT,xrp-up-or-down-july-24-5am-et,0xb2fc945663f59cc99fb49d1aeb45a5ddcd620be103f98b7a498de4fbe014ae75
"XRP Up or Down - July 24, 6AM ET",25150112112951224808162071647576837126981245910694299049101882217629221755629,37624844751753670234609189698385824156004416066532383280116823281120079192057,2025-07-24 06:00 EDT,xrp-up-or-down-july-24-6am-et,0xccb5809c2efa928af78506be2d4321c3035bed5adecd85173e8ff9ff6a559b5a
"XRP Up or Down - July 24, 7AM ET",84139786169204587590652836047700148445065286714297133209819875882842072038188,8353814831390217525669059494949276751430457006601420846575095478217701260264,2025-07-24 07:00 EDT,xrp-up-or-down-july-24-7am-et,0x6fb0222e5989a6d8ae7244f09b4b608297dda7429b5ae683c869d7d69b034197
"XRP Up or Down - July 24, 8AM ET",68589508263774050255069273355404601171289984815764932299801049364353733481589,18109770291528375409066972908122384448820345339475087293730047085678647474999,2025-07-24 08:00 EDT,xrp-up-or-down-july-24-8am-et,0x67a5a2c6054d8a5be0a19499891f57aace59b4dcb7b9f078420542412aeada66
"XRP Up or Down - July 24, 9AM ET",8204852369425663801530392817472401861967684847640131492977935552217140867045,93212933265923114130079758642834710005688886586987373380471725059557727287320,2025-07-24 09:00 EDT,xrp-up-or-down-july-24-9am-et,0x3195f2316bc7a5603a5f80f545762781aa1ebb091a860106b7de66fd5ac7a34e
"XRP Up or Down - July 24, 10AM ET",36283061448404464054078416316603908863505168330298746292545258272587558568162,43248529821623418072770483027670645308807254560211632004802578248533262506156,2025-07-24 10:00 EDT,xrp-up-or-down-july-24-10am-et,0x86a310abb6047110fb3aebad626127b1881d5637d5583ba3bf59932f1a84dd9a
"XRP Up or Down - July 24, 11AM ET",61444296387472350117525809502312441523471484760494472473368078491058753539313,38464349119310827862006325418455952661410721485198461005659288413142935427002,2025-07-24 11:00 EDT,xrp-up-or-down-july-24-11am-et,0x1f45127e59f64c985554ac002b1737957f75db14080403ee6e0b53601716660e
"XRP Up or Down - July 24, 12PM ET",108409870190509669202563488518497136323324367221214333858893825220063420787611,113985218231602664439124149096518911762024575552954527296961892334508133715156,2025-07-24 12:00 EDT,xrp-up-or-down-july-24-12pm-et,0x982401b653397843c82b79034fe2347ab37c4e6a670e715a4852c36b2ac9b1d9
"XRP Up or Down - July 24, 1PM ET",61353786302097330649600493104511199778144066612995780260506364910202664965086,85259593035326335256596824759652917532337896027084211332917053692352545025627,2025-07-24 13:00 EDT,xrp-up-or-down-july-24-1pm-et,0xc6d296608864047209aef7d784a7071ee3e3b1f7a85dad390a6703d65303f863
"XRP Up or Down - July 24, 2PM ET",92517877131613323564811630696170854622399902724441879660427748690478482427588,70201077565882361044746531191697820835350608914501817723612077346952133333404,2025-07-24 14:00 EDT,xrp-up-or-down-july-24-2pm-et,0x6024b4ce88b5093e27c7fefbdd7733d2d174407d18b1a88604b289066c47dc34
"XRP Up or Down - July 24, 3PM ET",101174576907113325479406601231958029186536032661017972740227845268663073591786,92773467626687539270830928835424307146120109708533892740876880693071629291514,2025-07-24 15:00 EDT,xrp-up-or-down-july-24-3pm-et,0x087533f14cda29f6f253b10feeb9967855affcf9bba39540c46a7a6e089992c5
"XRP Up or Down - July 24, 4PM ET",47496493552254533466023652892939319259128096300195516810133604686294532242285,65104997004939540948221260561886412818430113062329646465333763089024811601744,2025-07-24 16:00 EDT,xrp-up-or-down-july-24-4pm-et,0x566b5370e9d4921ff6f10b6cd31029d465f8eab907222e819cb6c34ee6f95b94
"XRP Up or Down - July 24, 5PM ET",74575109491751141996980930733433166233495568779342558693626020691148537565850,86471954554527444535926749089256108058895210041152209913917189756826457884178,2025-07-24 17:00 EDT,xrp-up-or-down-july-24-5pm-et,0xc9d814d993b1d0ed8e929237b34f9bd606fd72b63d97e97daa39dc2c3766a261
"XRP Up or Down - July 24, 6PM ET",115578859550618928802551507527326581970859310458881754355164458082904753197420,40505624776308559021684209020997091905417369281454823804632564774809721404540,2025-07-24 18:00 EDT,xrp-up-or-down-july-24-6pm-et,0xd409b9aa9c744d9a249dc048b0cecdbddb3543e8849e5c1afdca0e6c1bec8578
"XRP Up or Down - July 24, 7PM ET",74767782621534388911334064004473677404259346546202108371538331370373109271740,47084889946421451911421020784419454511424292380205658826560478207792895082032,2025-07-24 19:00 EDT,xrp-up-or-down-july-24-7pm-et,0xa74d7594a4ad7c9e898c1661767790c7ff30b4c5d4139724fab00861c50cf980
"XRP Up or Down - July 24, 8PM ET",1102458042664445834029026091162136871499836506671951796414686508411688856594,87435510428882182826377702360390711521719129224814616751062329149324965308020,2025-07-24 20:00 EDT,xrp-up-or-down-july-24-8pm-et,0x20c77ba384e666ffc12de2b961a1f875fcef2c77bab0e2ae59ff790cbd9d15e6
"XRP Up or Down - July 24, 9PM ET",97185573067401133059869932800097105864809276939871455111289221177556958971271,102107889066962638117800329377431589916933491876616935341171261035586288644202,2025-07-24 21:00 EDT,xrp-up-or-down-july-24-9pm-et,0xb9158209289284f1944bebb25e50aa93f63c7667ff4024225901a2589a1dacb3
"XRP Up or Down - July 24, 10PM ET",76852373060608287616300213864680344924581940293917403973031322435249262752129,103789052124128657472741343171882692870763497357030789801517624131520815936571,2025-07-24 22:00 EDT,xrp-up-or-down-july-24-10pm-et,0xdd3c446b02cccfa205b909e6bde333e7152c9b0b1c2457cfb7a3ebf265948577
"XRP Up or Down - July 24, 11PM ET",73464053836118088220850600639489345652471479436249208442333643572832665588553,70635583630354052434167770625474518239480354658444678110141087456229119697405,2025-07-24 23:00 EDT,xrp-up-or-down-july-24-11pm-et,0x7eebe5ce078148f04bf21bb13aaf41f8c56728b32fdd631a01e60ceed9222bb6
"XRP Up or Down - July 25, 12AM ET",23262181625518915863978421126702180683094930904157069663584635605098077127725,11218966001373444146140116914656910818243902831211445995914045969365071864385,2025-07-25 00:00 EDT,xrp-up-or-down-july-25-12am-et,0x53c429e7e660b719b8ba7bbce48fffb7e044f4d0baa16f4447a059658af8f607
"XRP Up or Down - July 25, 1AM ET",64024161175906137055567972917366357197158328084789732843958228549956148257216,25433369146395914892692293599159570417828572058619921816868870021761328528181,2025-07-25 01:00 EDT,xrp-up-or-down-july-25-1am-et,0xe75e26a34684fe16e2a0ff40ba99447a4d632deed86ddc3224baac5a271b1902
"XRP Up or Down - July 25, 2AM ET",78787130700099574237312401908702997280314969662836087913071012407921851958653,91827119932909388363923255626567408972927952963919307675049148061404774965181,2025-07-25 02:00 EDT,xrp-up-or-down-july-25-2am-et,0x28f09cb5d9903a09de59802a8dd572873d7c03d928678c48b9e5c4eee9ba222a
"XRP Up or Down - July 25, 3AM ET",29266409872055853266217308702016001125061399086001829679562230079196713037921,55416886318881701340901829431365944635742674359858102995025193228682094207121,2025-07-25 03:00 EDT,xrp-up-or-down-july-25-3am-et,0x953a86c39cf46ca9c1a1b836f5f49c0bac73ab318f8541fd02ec7585522eba75
"XRP Up or Down - July 25, 4AM ET",48853111910592900715257876084557299670408175236990016853253408207958050293225,30777566667842222391281223835694092084451250874726167654843568994168433535907,2025-07-25 04:00 EDT,xrp-up-or-down-july-25-4am-et,0x2b379c4e6d3ba892d7b8c1243fc8332abea9e634e22f35d13ed558ed977135ae
"XRP Up or Down - July 25, 5AM ET",17621665322816285973422712233076880495634822602624185607607096298197003900727,53577398641424998645287993853982952500106989276213994479172631970192284495066,2025-07-25 05:00 EDT,xrp-up-or-down-july-25-5am-et,0xb15ad72ad027a06ba66bcaf919bb2e46a6599f1c0e84ccd9fe510ae2350e34a4
"XRP Up or Down - July 25, 6AM ET",95129100539214271538627115209010201769476753212849570649299939617172050088139,115693512087660754846409319298049096632865622469939832951101721237869105957249,2025-07-25 06:00 EDT,xrp-up-or-down-july-25-6am-et,0xd78a1670f14dc2333cfda6a4f60bebea49777e0beffcea4a4517210b2fefcd2f
"XRP Up or Down - July 25, 7AM ET",90601888238506371192353505044500410300186924786765702259662626228828590616058,38937083973435226637949984232885482285169747246744924212718565110631817991352,2025-07-25 07:00 EDT,xrp-up-or-down-july-25-7am-et,0x503e5198c0f41dd37e54257a93467a0f568c9c25bb31caa2ae0938c8687f75bb
"XRP Up or Down - July 25, 8AM ET",17238290447436281350855751215555432460887947645251731732851850112551858395255,59756608379559834445603899064976070629553239749587450679144740199752265912967,2025-07-25 08:00 EDT,xrp-up-or-down-july-25-8am-et,0x130ed696075a9d86dc6d1d88813bd66e0f49aa504814246ef5b50753dc8fad20
"XRP Up or Down - July 25, 9AM ET",45076863918430136094418812450266067480967295829556191157600129743027064041394,81198926889128497240667565351821110651616658235512647328312999936810202189367,2025-07-25 09:00 EDT,xrp-up-or-down-july-25-9am-et,0xcc0a031a025ea634a71b033a867498d09f56983266cceb458a9eec349f9e56ae
"XRP Up or Down - July 25, 10AM ET",79525339705498483599193176949953976993835405309533011975162269679296227819747,91116265324541848075268202956047171845564896121624005848442533617050495535564,2025-07-25 10:00 EDT,xrp-up-or-down-july-25-10am-et,0x67c4620fb785dd6c54dd15ec6f136739977d8cda86140e82e8ab124774a7e3ad
"XRP Up or Down - July 25, 11AM ET",68435427870190145807041582612086477856440577083225303634176735280778600463236,92326440566547190437548131388495758135387014216807495494237526293676379681506,2025-07-25 11:00 EDT,xrp-up-or-down-july-25-11am-et,0xad34002661c620b0a75d934e41d4c4e1f777596b615ac660492c78f33b079ad2
"XRP Up or Down - July 25, 12PM ET",60209636761673944978470603963266716082393285073166390728387306980044283016385,98146415688156831030558158882571452647237313844777436464067652341190088525781,2025-07-25 12:00 EDT,xrp-up-or-down-july-25-12pm-et,0x9e8ebc3718f927d4f5e549737485e7e6f4220c3a8ee5c6d2f8d046ad7169fe1b
"XRP Up or Down - July 25, 1PM ET",111066216104600492286921306889172499423485700803031469507472566991662321303928,52943937835818845024558421269382976381995619889560084658326129531297213278880,2025-07-25 13:00 EDT,xrp-up-or-down-july-25-1pm-et,0xb3091dbc2de23efe4ad70cfd12d5564842d3cf0be7129a25f82d88f0b2b535e3
"XRP Up or Down - July 25, 2PM ET",34172142241633647458072074700581727586076958289745997354241371623711709511093,93525451036314946855005307484133310328212349426866351774446261965556201895723,2025-07-25 14:00 EDT,xrp-up-or-down-july-25-2pm-et,0x4ca4bfb992b4d3b4cb875cea50fec597568bc98b681ce6f6bcacbaa794562ce3
"XRP Up or Down - July 25, 3PM ET",64716095875263517589128893027888977609625165162856808328844933177650297420913,37142745756513227667353703241315991618652748248298263982812741442208854961857,2025-07-25 15:00 EDT,xrp-up-or-down-july-25-3pm-et,0x1110d1ac8c574573111d94d7cef6aad1413176f1b8e67c2fa3c3447eb69778ef
"XRP Up or Down - July 25, 4PM ET",88782094589126406669629856670946384003457136496856575845743004083489175902045,62259835443830510967463805382469174136692184177956266586961669225480766603515,2025-07-25 16:00 EDT,xrp-up-or-down-july-25-4pm-et,0x28174ba4b552f220dc143064333626cf0ab4a8721ea7ac2d32fcd2128c1a455b
"XRP Up or Down - July 25, 5PM ET",30769277743184999236611045657296683485045590343477445605735706690000219653908,67329825911097652119053906286171605436420038697251468162607058142943934243796,2025-07-25 17:00 EDT,xrp-up-or-down-july-25-5pm-et,0xac8d937c7a4c36d5797f6cf1d8f5d858550b7d007daf77531e6e08bae3bd41f3
"XRP Up or Down - July 25, 6PM ET",37139512757010075348032206190288785386420005511451399322076441188380363070960,54664337176938958932893818718464249675426009792384190423004789262753478852697,2025-07-25 18:00 EDT,xrp-up-or-down-july-25-6pm-et,0x0657dfd3f203c703c879bcdfadb15cdf30d6ed699fa39222e4cfb5e3fc28054c
"XRP Up or Down - July 25, 7PM ET",77143893769827344730556489584692680786398304898590994612153721030225610476054,33556644055418816301087886222468874657684348403522810286158153437428174050791,2025-07-25 19:00 EDT,xrp-up-or-down-july-25-7pm-et,0xf43ecca55c7487938551deb921cfdbbbcba7b95fbeeb91477d263dcab65aab5c
"XRP Up or Down - July 25, 8PM ET",49185083154955600195672960257908465376963312525749607957334254509412541694281,86502082074392174129091836961520710729580078826973396607925986153240532702821,2025-07-25 20:00 EDT,xrp-up-or-down-july-25-8pm-et,0xecf76c5f09800835aa8161658df675518bdd892d7e3baf9087c72fbc281fe4ae
"XRP Up or Down - July 25, 9PM ET",97494174123793878679993222882060050860573325016464585590575692380854588336158,70048279264651093501917498415739279105612573800268619930150930790271536430262,2025-07-25 21:00 EDT,xrp-up-or-down-july-25-9pm-et,0x5f505861d30ce8ad8d8be733919177fe870e7ac7c038e7853c673a60276f8e3c
"XRP Up or Down - July 25, 10PM ET",45208843670754419413838017661657005351218910147939601976457918121426505023829,46892466336579444744192960137707470572237446240109727733616143227785905917973,2025-07-25 22:00 EDT,xrp-up-or-down-july-25-10pm-et,0x29e4570b4f5bbe1ee280c7f396009f9f3b94db8b1d0461ef9b8831bc7506cd0d
"XRP Up or Down - July 25, 11PM ET",10729509571662628372867482359203654228485352682024729289555282335681926426878,55147817138916704053523622861098236077759482440697754169058156649502511948196,2025-07-25 23:00 EDT,xrp-up-or-down-july-25-11pm-et,0x2cf2f1cd2d96c3b8158cff9363da157235ccd6d4372b2b0c9f874ff596dadab1
"XRP Up or Down - July 26, 12AM ET",49087622279155977470674816453622809717775074205211123657866742072143533051606,80513576914327327721595841592014232548857843910897763040220697053460387029429,2025-07-26 00:00 EDT,xrp-up-or-down-july-26-12am-et,0xb4af9a924fbd9e9ab5d072d4facbccd771df9040e35ea6ddc1dd67d804ac8448
"XRP Up or Down - July 26, 1AM ET",28894945686111208138222651886758877402669198561713259509322620941192241505149,23627321591967067774139940666948445253233794638504286303088156255205945880792,2025-07-26 01:00 EDT,xrp-up-or-down-july-26-1am-et,0xb499865834c4e98d60a79eb56df5abffd9aca7a6f4c876922b2b298fc1cd217a
"XRP Up or Down - July 26, 2AM ET",59464837639433347697205144016988310929540557997838981488281301434348626145556,104036108898387923771919670816503611064110937285610736096068497985408718545238,2025-07-26 02:00 EDT,xrp-up-or-down-july-26-2am-et,0xae10821d0b7212befd2fa602e2e2d48107dc02537631666a9a8607307c5dda85
"XRP Up or Down - July 26, 3AM ET",79698994913148190082580933330980064222819836144173154278643300433073756372210,31687136490456422727766546063268440311792817555732531337998667570452552041895,2025-07-26 03:00 EDT,xrp-up-or-down-july-26-3am-et,0xc92227b404ee6dad54727c8e8d98b31d7eebae9b9bd1c04ba84165addf4cc67a
"XRP Up or Down - July 26, 4AM ET",4436431690035944497763415502372744964758123921285006576011062501208954838716,59922299774232943695197631511799579818308884123862301342302348207441768566004,2025-07-26 04:00 EDT,xrp-up-or-down-july-26-4am-et,0x566b65085ced1e1fabe2e29ba0322d732d91cef45a843b6c9c1611c86ac7811c
"XRP Up or Down - July 26, 5AM ET",85837613511432259119953980726359338110376303724707051070351900300384114208737,110886498270197654831179021305441599073586667230962457198299788330150362226107,2025-07-26 05:00 EDT,xrp-up-or-down-july-26-5am-et,0xcb88cefe3714d50132a3f543f54e393ad456ad4b97682892fc776966c8f3d2c4
"XRP Up or Down - July 26, 6AM ET",106131685816387104732668447440749665759477146237935854693391718528152477553380,65860821293917726912664709379955545598551561321414517338610253585000390621959,2025-07-26 06:00 EDT,xrp-up-or-down-july-26-6am-et,0x024be1f2567e12702a8ff993e6dbcfcfcb0f3e712b31134bbd55907d54014c4f
"XRP Up or Down - July 26, 7AM ET",84655233439658768977088437857456976867486510001989094538722614434321629108192,111527294351985517253205325618853619302854381354573928471691198304959020460912,2025-07-26 07:00 EDT,xrp-up-or-down-july-26-7am-et,0x66a3674e18a57eba5093b98a6be9be09354ad20fead7e5fd5fc97e162d7f5040
"XRP Up or Down - July 26, 8AM ET",20243098479720483130783879593981314449284655374251241148094837935731292442729,95450900108588088196636344630644101373794351308755547328435268282171447582377,2025-07-26 08:00 EDT,xrp-up-or-down-july-26-8am-et,0xdc808ee7702c98a51d9ff2d0363ddf8b28748ea40e6afa25876cfc57a93e98ae
"XRP Up or Down - July 26, 9AM ET",25607011873909344389398720729493707790993846934750289636849816944947925415631,25294692930420569583179617634418471371195915401028337995182274087039549470429,2025-07-26 09:00 EDT,xrp-up-or-down-july-26-9am-et,0xa54780ad8cffa718575c73ffae52e57d276581499c50ca818dddc5388862b20f
"XRP Up or Down - July 26, 10AM ET",5577479919867160105464502093488136409086037556355925349029264267078182359961,18584584244625703317845523861956539796323115244668270317095396213080700976380,2025-07-26 10:00 EDT,xrp-up-or-down-july-26-10am-et,0xefc1dce0a6dcd7c96ed6faf450282af856785c0ecc23ea59d094b6f646b8d55d
"XRP Up or Down - July 26, 11AM ET",91000143466809534684155773585687756000390682497168904587991113731026844432862,82571031371860317456942896815025925583890525589594719170402529934089545117018,2025-07-26 11:00 EDT,xrp-up-or-down-july-26-11am-et,0xbc004372ec27b050f241ee207cec0eeddb983092ee35446e6882730ef117b081
"XRP Up or Down - July 26, 12PM ET",70511544575171052457804977721131657290770048940601345269099975299694421169051,48620108314082002051002947637884403510475626480139648574470242304554094226999,2025-07-26 12:00 EDT,xrp-up-or-down-july-26-12pm-et,0x0b5f7dd077411d51ab753739efe1ce90a8567798f41a49456e1dc4bff37ba454
"XRP Up or Down - July 26, 1PM ET",27219913460754514850674321820918505257860411604632520896331372083501037283366,37014254859747217151834596015204770995540501192574255219018993018567356989079,2025-07-26 13:00 EDT,xrp-up-or-down-july-26-1pm-et,0xf7e3e7f3cc24a7e5aae5e5cb1bc5d060c0741e8fd23d8cc08f9cbf816a47b323
"XRP Up or Down - July 26, 2PM ET",69920504817440833030112666212919455275929292952509783130791510884021231854574,74935643769057416733442913435563032798356795573839422099857749395101706552342,2025-07-26 14:00 EDT,xrp-up-or-down-july-26-2pm-et,0xea2ed502939124c84ca83953979dbaa83e916eea9ede3eed7634a6b0f53a1cfb
"XRP Up or Down - July 26, 3PM ET",69197890382045469999248379801994214642957796790667620366503631052517282943957,86282058947217654138782816411016301928030448179922576918410121003588236494344,2025-07-26 15:00 EDT,xrp-up-or-down-july-26-3pm-et,0x768c08044b77b0e35185a4fccab8ba0bc4c9d1494b9e7301a3bc65899388c46b
"XRP Up or Down - July 26, 4PM ET",89756659398321762344475178897176732556510800715042527811387831906802811201256,14242199040208882249942971201550537352002536325463877808675440389636543108511,2025-07-26 16:00 EDT,xrp-up-or-down-july-26-4pm-et,0x424a54f97cabb236ea84dfdecf0386cde702554c09299665792496c61fa5f3df
"XRP Up or Down - July 26, 5PM ET",89754372688598100560845750513082938699054436751562374868359132726229962751470,10254637815939486584953820366382093531681250308142243734349277916871802797622,2025-07-26 17:00 EDT,xrp-up-or-down-july-26-5pm-et,0xbed04ff71b1082dbc77f625678abdb87ab69365f90547130b62b986021d6f3f8
"XRP Up or Down - July 26, 6PM ET",78229723823605563918354200688956566311269711530892946403344214378942640657731,58451653846657329106934850811546803014291015863165570960776385404941269293261,2025-07-26 18:00 EDT,xrp-up-or-down-july-26-6pm-et,0x087ee9f5b2d4125a76e9d01f726ecdfac60073ccb749477c9ab71059e6030573
"XRP Up or Down - July 26, 7PM ET",111226333248208449466382748855105755707616024114535577245962025609634360799002,30066285089303774722176440760799104079710149064406843633774875542193677154427,2025-07-26 19:00 EDT,xrp-up-or-down-july-26-7pm-et,0xb8097bb072d728c9942f3dca7f6180f9b96134e4ea99c4b451ff98b6e85ac546
"XRP Up or Down - July 26, 8PM ET",16897829035243567312696352855111559189753731625406137431719532417389235404510,23544771574003849447463054481615991593566780985492284325433797376716496872214,2025-07-26 20:00 EDT,xrp-up-or-down-july-26-8pm-et,0x0bff859764659300283d7e6bcf6dc27d9741e67b1c1f37078259f4ee9a278e55
"XRP Up or Down - July 26, 9PM ET",12432953347339849370911454957903582818241167624064632756954986868415792878316,114281811718478878944163691005785517635951495171883391280614460579277374694268,2025-07-26 21:00 EDT,xrp-up-or-down-july-26-9pm-et,0xbe23a0e536e9411b32ec8c496f6ab76ead9e65fdeaaea0972b8037ce6a7fd59d
"XRP Up or Down - July 26, 10PM ET",16778466086107337969629394102675904360195360741719905746166375088460900696181,2679448109632122331365091855335697688588207673443491870088474372273652762622,2025-07-26 22:00 EDT,xrp-up-or-down-july-26-10pm-et,0x363a8a36d9dd1fcfd7d63a22e62c8e7b40d1a9db40cfb16f44961935fcb953e4
"XRP Up or Down - July 26, 11PM ET",107723112010982669615798247817078148816857159563797059895435858770176580250007,53727170709579635248090917049932495153244583607647734507226849752259448780226,2025-07-26 23:00 EDT,xrp-up-or-down-july-26-11pm-et,0xb6b167643c80787cbe8e464438138e8693fed14bd16ba31f0003c2cff6563a0c
"XRP Up or Down - July 27, 12AM ET",40308874550814128718793454618350767703891925167575388396199964984322891971585,79725020898437145747884760106541845014920624796489720544632967091325428848319,2025-07-27 00:00 EDT,xrp-up-or-down-july-27-12am-et,0xeade57a74c3090ff477e430ef375dd1d23f296bd5d52fa0bb1b0ca54c8e61e85
"XRP Up or Down - July 27, 1AM ET",15703816427379755693822579900649512320162265933187017765439861094645511139489,58195467387232917342428007383421388107198923995972737897009500453742057824204,2025-07-27 01:00 EDT,xrp-up-or-down-july-27-1am-et,0x741d95a302c07378c72330120bc0368dab192c7fedc5708cf4b4ee7e05b4a990
"XRP Up or Down - July 27, 2AM ET",44005114472736832730510047659961044127858497746911882421827755174715330533295,63768517881587716506104739653716852438294530304555098754464654341127968192140,2025-07-27 02:00 EDT,xrp-up-or-down-july-27-2am-et,0xf9f7ab7a2d1c14771f68b45629384195b58f5facd5c5a2cde6b81163bdafdaa4
"XRP Up or Down - July 27, 3AM ET",50505667205323068587890778888229511012175032381601702418957812870954718040649,91874985868409786147991414820699806373644440800349197730086233481673340741818,2025-07-27 03:00 EDT,xrp-up-or-down-july-27-3am-et,0x487354715fda707a704aa333f3adb137a6cad83e64f7d0ae40b0bbdc3417fb71
"XRP Up or Down - July 27, 4AM ET",99536598615668099476842142960501609139866147954511495421656423780296896715409,55455715914619796737381137312062066395069793416003496526593591136290032230519,2025-07-27 04:00 EDT,xrp-up-or-down-july-27-4am-et,0x53be0333e427a784b81eb8597acb27ef1d23df3ece48d5bda61906900e35f040
"XRP Up or Down - July 27, 5AM ET",50114863143719768759852380111726017993624499835147652038213375465383529319929,92147706812494342310702116354492994732307456199801020276554127287589248621461,2025-07-27 05:00 EDT,xrp-up-or-down-july-27-5am-et,0x7d3553f0e1805d6bd0060e4aa9bd030f25e6fb3200a64645f992f7e32dda68ca
"XRP Up or Down - July 27, 6AM ET",74626337705258785314121304389107730595014233267968561011724397793045268959007,33622268782422519188860517837516641947305475182780117033465477836362489281195,2025-07-27 06:00 EDT,xrp-up-or-down-july-27-6am-et,0xd934a46372b3e739c363daa94596272955d67ecdbadc091106f8e951b01451f5
"XRP Up or Down - July 27, 7AM ET",51736211617718358498626228097742910105241614662007783440755438399194606175414,51674519326787434669185027413200610653972442827626711816792324897942051120274,2025-07-27 07:00 EDT,xrp-up-or-down-july-27-7am-et,0x145572e5ec1701a2717ce5166b38f7b9c1e60f96e49417d7014911c83212257e
"XRP Up or Down - July 27, 8AM ET",83616897350791954093240044178681255815061513741786779470841734670746103483368,114735899565366567540070967525054663690881556869990293365149149919950830662255,2025-07-27 08:00 EDT,xrp-up-or-down-july-27-8am-et,0x4a95005f1ca909a1aaa7e1e532a7ffebe396cca08fc115457cc52631b0d53194
"XRP Up or Down - July 27, 9AM ET",9668971694675377846270923877609991957975468080301638725834764634354554927951,111493255744875237689194084961801472373107214116798282471293884108388730235708,2025-07-27 09:00 EDT,xrp-up-or-down-july-27-9am-et,0x43b182a8c82438c1c90ec6e84f754775863a789f16c1f8d436140f9647d4aa2c
"XRP Up or Down - July 27, 10AM ET",55391717452905055465353758380376004138528189263292545032175604530002443012821,45460810858803433877588997955261334297392177004822294269025218484017814682335,2025-07-27 10:00 EDT,xrp-up-or-down-july-27-10am-et,0x2dcda4be8bbb9ff28b7ae4f5ce6f30558583c85e88e9a57987963ec950e440da
"XRP Up or Down - July 27, 11AM ET",36796526905025809760093885202472273639081074290093182644922449362168704361473,29687560460994297481971182245982902261228007258293735335296796116519495497748,2025-07-27 11:00 EDT,xrp-up-or-down-july-27-11am-et,0xe8c098bfdd274e324f310ceb2a7c421c110ee591adc600198baa0624f70f55dc
"XRP Up or Down - July 27, 12PM ET",95944122178204159924219084420716550285241349416210799617319530633855218871967,46058328389176781818309482250022318292003936902000149286799857336127394442529,2025-07-27 12:00 EDT,xrp-up-or-down-july-27-12pm-et,0xcd80bfe9c93cea7e7c397980a744d24325c4fffb929c7590cbdbd4a0f9630204
"XRP Up or Down - July 27, 1PM ET",78525034354703578161266654256934573722205292694808511315941854899610143306894,64469459133859645629779384629688588448142904473748455988145305303304599181119,2025-07-27 13:00 EDT,xrp-up-or-down-july-27-1pm-et,0xa0e135ff59770d6ed6336f69a3eec58c13db1a5ce9d83159779c958e96c35571
"XRP Up or Down - July 27, 2PM ET",4710451457331332100206599737541527909002083052860049833189464097482046024988,86531174226891322169536101919658907478992112109503777452380830540243391735721,2025-07-27 14:00 EDT,xrp-up-or-down-july-27-2pm-et,0x9c27b6785560b0d785be7c1e9d8521cf14dc4c8d8bd5c0abceaca683dca056b5
"XRP Up or Down - July 27, 3PM ET",86051826519439064947200025463785451251622079586467039619794135341457334891786,113757769707155289553384238573090437235055897354398587568917752411042649618420,2025-07-27 15:00 EDT,xrp-up-or-down-july-27-3pm-et,0xad6618b7e774e45d1450a9081f1173c8a03bbce0c7d3b04771761c3ba3b498c7
"XRP Up or Down - July 27, 4PM ET",6683197609902270466975171624981346211154281013478689302998770739106464308934,53297217822915524591901427638626379948554376132936198389264166971053585872807,2025-07-27 16:00 EDT,xrp-up-or-down-july-27-4pm-et,0x2b7da428ca2188abfc8dd64d24c6d8a41c7c0a88add0bbcda1b3fb2fed6d2553
"XRP Up or Down - July 27, 5PM ET",71304582025699191821066665878179895107193911963668823524131773547116038761087,89180155041570237929242064460628739192187395692662708925166528615913228167147,2025-07-27 17:00 EDT,xrp-up-or-down-july-27-5pm-et,0x299a22e8c83bb825ef3cfb08b01123b40184ba1231ca9486fb26f258a4641f3c
"XRP Up or Down - July 27, 6PM ET",101831389916823719044140207180667556976974507315718608216326112721433465082357,63507263169195838859012486786198492304079019134128264980348974855363994167307,2025-07-27 18:00 EDT,xrp-up-or-down-july-27-6pm-et,0x79a938c8f72a3963dea3a2e18561f71a41a317798e325a6377dca4bd16424934
"XRP Up or Down - July 27, 7PM ET",115618344321777115906881184469950495678776591703011812152593535790976096926928,106411191399420792736678562410749492397985360718223030090772727834405429550289,2025-07-27 19:00 EDT,xrp-up-or-down-july-27-7pm-et,0x667b1c4247911dcb38b00eae43cf3bcd679c650a6a94e646e1b882c55a5d3b76
"XRP Up or Down - July 27, 8PM ET",104130961762298237592358567502126031307670537395609812632090823816137496719417,73642108502439071176034539758511193820994950861316067796338786617098735824126,2025-07-27 20:00 EDT,xrp-up-or-down-july-27-8pm-et,0x44b69a9ba8a27f29344974547e5fe3546f2df6ba881e9f21b94c39560e33b479
"XRP Up or Down - July 27, 9PM ET",108271980155951805219287652871765569122872870772026278954873516509919527517358,92566844535492186960315303167718392264299042427204672707318344231097845183185,2025-07-27 21:00 EDT,xrp-up-or-down-july-27-9pm-et,0x829d18e7b1d34c87fdc2ca57b09a449b60e2fc52ebd1451389b9640596c5b0cc
"XRP Up or Down - July 27, 10PM ET",76710645228971159382961830242412937624922335632150478753787308674772445153520,41769715653841914576736067567036431265022822401335894850708293409902350873404,2025-07-27 22:00 EDT,xrp-up-or-down-july-27-10pm-et,0x3f260c5f811e56aca6994524f13415cb7fc2e3a36870b9bc3bd6027190cabe05
"XRP Up or Down - July 27, 11PM ET",31652627329317180094738131947989998535461270137809956532769590126030092542756,104180648402842394786137561699353837946030633456260850031803131380488733863145,2025-07-27 23:00 EDT,xrp-up-or-down-july-27-11pm-et,0x7521f2f8079666dd11cd8f44bab5435aa8778202626da7e283375450a66cd6bd
"XRP Up or Down - July 28, 12AM ET",11635802099560464934933478424719302626581055460099861491874000747809161946438,7231930109193901508430759621968550875916558923334530763760353433805560881750,2025-07-28 00:00 EDT,xrp-up-or-down-july-28-12am-et,0xe40652f574e24e75063bc7061ac763964262ab0ec45800ff10014afd52bfaa1e
"XRP Up or Down - July 28, 1AM ET",47539662337350106512770614316727504181652290978927006448646636347703573337908,61490829207688151374070871957489907955286717554271680802158908640046420446002,2025-07-28 01:00 EDT,xrp-up-or-down-july-28-1am-et,0xd0988360ee25171db4419cec40da91c7f52555309ec42f9bc755436a8fe75e37
"XRP Up or Down - July 28, 2AM ET",59608622168231080165527438065937431561078538314026974120269105278564078244269,53214757998115612723457625050867204149884944915092775159851795751292504310451,2025-07-28 02:00 EDT,xrp-up-or-down-july-28-2am-et,0x93a82c76c9cc84ec863d95e73916ae52151923c4e4ba3d13b694d29a802f49b0
"XRP Up or Down - July 28, 3AM ET",37402047596830205603571270101755166906199370012677504778973396924152394349343,81668719841366730746331832882707972785499727028401005380358543603022929942067,2025-07-28 03:00 EDT,xrp-up-or-down-july-28-3am-et,0x827584dae3a2f59696ed6aecab160528ea12019b75257b99e5c813ce72065b72
"XRP Up or Down - July 28, 4AM ET",38437107478611694086023678499816007685577156999835504604075874638609231523470,39279122622703405041487895278400598137326888043470966679635883878385599730921,2025-07-28 04:00 EDT,xrp-up-or-down-july-28-4am-et,0x78dc28b60a23c617b116f6b45b95d8f7e48e4ded8e8892685ba02cf2444f4b84
"XRP Up or Down - July 28, 5AM ET",46682053629934985007789725902556676984192688473847471292887511815809573864721,76816115932639321232415154579527650942707422396975778652412282421138581632637,2025-07-28 05:00 EDT,xrp-up-or-down-july-28-5am-et,0x102e482ea7dab5af8161e9fcaa0d609bb376795d88484e77013770a9eaba0415
"XRP Up or Down - July 28, 6AM ET",24122040960122676259145520187038647654438956937320631546444601855097340564331,61461174764682646281490187073938200678921271696383072307092023427149592867975,2025-07-28 06:00 EDT,xrp-up-or-down-july-28-6am-et,0x45b20b01a5bc9561749ae68fc638f765d2eb63ee882772e3a53c97f72d2ca426
"XRP Up or Down - July 28, 7AM ET",88165068414361833426047740473167552913185927411092707298099432699704710943059,2271616182249331055865648379199116704185172412718098478200216385804501638174,2025-07-28 07:00 EDT,xrp-up-or-down-july-28-7am-et,0xd2750c19fb4663570498a8032e9e9996a71dc2c51c39c0645e0ab62e4a498b58
"XRP Up or Down - July 28, 8AM ET",114621030239337511925349029614021761748432020389482011093291690309172863751243,26848827278527211441028989871806599170392001872569054115953088239433859624923,2025-07-28 08:00 EDT,xrp-up-or-down-july-28-8am-et,0x9ff8aeb98eb9bc2e9347f4479102f1aba45970a4ba9cbc12f49b77d5858ddef6
"XRP Up or Down - July 28, 9AM ET",25500366514783935103734390082593102037287303699873795022184838786593696059448,25500553534730490489816005864381312217358311944295407786384089256139920595658,2025-07-28 09:00 EDT,xrp-up-or-down-july-28-9am-et,0x64894095d1adb854e37e109913cf14f212df941b1f5e44cb6f528f416174c253
"XRP Up or Down - July 28, 10AM ET",32254699153642504778040268929969209696096130621225624331992684324113404002793,36811468233676183893752193841097795970555039408911898866567324028864079656773,2025-07-28 10:00 EDT,xrp-up-or-down-july-28-10am-et,0xbfd633dcf65f8d3baa1b55f0ef369102429e474a294e9fbb105de5f9e9399cc4
"XRP Up or Down - July 28, 11AM ET",69776361216203339289309785166240664473015003122576859171875509053103250862281,50111497763851953674278517413890502293073666128702662519926665039819808586022,2025-07-28 11:00 EDT,xrp-up-or-down-july-28-11am-et,0x38ccb9171e2a04c218c07e34a30b01c47b35a0a5e56f6735981f94c3a2b7d7ce
"XRP Up or Down - July 28, 12PM ET",58304969449327838427188197705743213604870171713366839580116009396528021348424,11083702770445505288775430755323677197095437655393280223390300840866149903661,2025-07-28 12:00 EDT,xrp-up-or-down-july-28-12pm-et,0xb15b5ea289bec4ae415f22c57b3d56c2eee2e76f69f45e7d0a3f9ac468706c94
"XRP Up or Down - July 28, 1PM ET",91412907941528584309290621500434233054399284893745926259497975777951926337684,45909656556788406666006710659395212222746947337152953244973960850862988495352,2025-07-28 13:00 EDT,xrp-up-or-down-july-28-1pm-et,0x76a1f38cca23e5c5b5d4d12d0784790eaaa6269c752c6f36c592ad39f74c2545
"XRP Up or Down - July 28, 2PM ET",100545524576631816951981335849902814880460893039164981129960438958659960403951,104667151889533282886088159116362684115304294235824885862229260011335123997101,2025-07-28 14:00 EDT,xrp-up-or-down-july-28-2pm-et,0xa44cfb30e02050399a9071da386e7abeeb53e38e3f43610ce7e7314b1dab6b7c
"XRP Up or Down - July 28, 3PM ET",16856000231669037013137904863590705499957459688438570575987735987030438191294,111327746332224479368368336412841912131032792871173619446960947369662505275171,2025-07-28 15:00 EDT,xrp-up-or-down-july-28-3pm-et,0x2738e4e0c60a8596001f9589ace45f3eee71ddcbc75e037477e696bab542ccd8
"XRP Up or Down - July 28, 4PM ET",23965646166872524371410526195103465372318331090040442877530294668839159798044,77336001354467334626316175695970503601809358331354857003092652124625814053608,2025-07-28 16:00 EDT,xrp-up-or-down-july-28-4pm-et,0xdb517f129a28b5de66311f1789fe472a046a237a30188a6453b36ce6cbeb5575
"XRP Up or Down - July 28, 5PM ET",77370176397997440717421387451343641434132859406032211527643092723241420972202,54791722838771591924524053001577138630975816599280493109870644320132002788629,2025-07-28 17:00 EDT,xrp-up-or-down-july-28-5pm-et,0xf90b1adc4ac1be428cd974c0a8242385f22d3c070484d440021b3a3f97e9ce6e
"XRP Up or Down - July 28, 6PM ET",92416777646149240559911461855448323960911150311661001115271396554188557550518,60433777543367237095436820363546794250181552401507393554336467486192736264076,2025-07-28 18:00 EDT,xrp-up-or-down-july-28-6pm-et,0x13283092373a3b8702c13d165edc84f4e66263bdca271363a7d275f52b0a1b8f
"XRP Up or Down - July 28, 7PM ET",59399271156384536570246117149494016843984472116384831769038454820777182535783,59443416214455060026941950157618971268467981031300646889297735895051329924226,2025-07-28 19:00 EDT,xrp-up-or-down-july-28-7pm-et,0x2b1361dc45803e1f7192faeb6a83b4acf5e6a565590a6c7b4584ccbaa0790dbc
"XRP Up or Down - July 28, 8PM ET",111972608547862637283619303855433763675563623081305484818147087172241754050364,25993192557195218940972739533813374934650540746219381991899836508463070811341,2025-07-28 20:00 EDT,xrp-up-or-down-july-28-8pm-et,0x779ab57800be790babf798fc86e5565df5afb2a06a38b11b6ccc08002ecdbab4
"XRP Up or Down - July 28, 9PM ET",41109596772572518217603577013078937789319341378482610918150294089089339892794,28278307169553546812785909108719850533705102934420407207001589382581651381105,2025-07-28 21:00 EDT,xrp-up-or-down-july-28-9pm-et,0xdd38cbd610ea66b9147b752c797663e038d79037e7af9e5bb9df2fc51dbfd9c4
"XRP Up or Down - July 28, 10PM ET",19690607453280512266485839604220048705124290158185455710546447944099453884014,17563003440331246222270133053473764477421671909478428045518461895836356981547,2025-07-28 22:00 EDT,xrp-up-or-down-july-28-10pm-et,0x91b72c896495b21e834d67ea4b50f70f062faafeb7c1ecc3f12061a2fdf800df
"XRP Up or Down - July 28, 11PM ET",74451557785329101026722646156481565749781055094086027593912857907154418365331,16252988064479074749543679407320604321705966479407060469972849272630612816362,2025-07-28 23:00 EDT,xrp-up-or-down-july-28-11pm-et,0xe24c121a0b80777d243cb65d3f064c3943907ed4ada9f7959cb2203607a64976
"XRP Up or Down - July 29, 12AM ET",76160702729698554819769512375931591466161537759388333441654489992475288004657,96005909806680302533183560811043162871708350303437285550166767197420264106463,2025-07-29 00:00 EDT,xrp-up-or-down-july-29-12am-et,0x508e5ea16581e9a3e6a53f7d0fce0067573961ee970b7cda2ccfcc578c21f0a0
"XRP Up or Down - July 29, 1AM ET",19621069616809644422102880161473077881024404131305592993396542763219629018320,70870537781951830592962145732079242725373946737982215049449640139210465976842,2025-07-29 01:00 EDT,xrp-up-or-down-july-29-1am-et,0x0a0671de0aeb069e5c72bc9d523a47482b8a6f3fe49b43c026a6b194ae3443d3
"XRP Up or Down - July 29, 2AM ET",9448107650671500823547280872903643808392131274489916242260264017640694275070,99675105252229553352083335185310064158434920775219425690393387357960137452493,2025-07-29 02:00 EDT,xrp-up-or-down-july-29-2am-et,0x2c8afbd2fa0a899b7b2a95851c354644fa8397db26c7917e02e7ee91b2c2b56d
"XRP Up or Down - July 29, 3AM ET",48336999034828768445061794916542176568886820145135183797847440697302778123424,94697262659802483538097367422091728461870079655342437657734731773764080046326,2025-07-29 03:00 EDT,xrp-up-or-down-july-29-3am-et,0xbc700225d1465b04bc272b81dcd5bfbbdcdce2aae938c12de19787209618ae99
"XRP Up or Down - July 29, 4AM ET",71685435696557104918470048233721986081745331267727240266328076908224770392163,61485757082624890605242065683282743308002078317391214133768901451578182830916,2025-07-29 04:00 EDT,xrp-up-or-down-july-29-4am-et,0x3be8551eb0325a767c377a8c321f3ac892b35b9b566c0e00bf9d9229d475939e
"XRP Up or Down - July 29, 5AM ET",77471291090014720017203608954961057723560512480164512827890701748844638435295,47080560976294351060943205130113969708265922516702628772375167551660532797555,2025-07-29 05:00 EDT,xrp-up-or-down-july-29-5am-et,0xae84efd710e4d505469253d8499a53959e9425543658272dc900b5ca759d8577
"XRP Up or Down - July 29, 6AM ET",97617783840645776215441942300539911408386221391472815421666579623639490435783,74728738351738043837272311196849053950632723950194537641791665082255196967875,2025-07-29 06:00 EDT,xrp-up-or-down-july-29-6am-et,0x1aca7c06980e8e159b32a48c3b7144c1b88168f386d6a3e83003486e1903df0f
"XRP Up or Down - July 29, 7AM ET",101270206588833761109851560660633088512987889516403531919906726676229952034406,13158108851992114627303381205117143114243957355598878342624397631067208341897,2025-07-29 07:00 EDT,xrp-up-or-down-july-29-7am-et,0x3dc1723cd1670f0b07740422b9fe479c59a3f483933e23be15b07b41527656e0
"XRP Up or Down - July 29, 8AM ET",43122147442926948876929323272822016802636064074175334440141071516764695063993,17174586102391322660879350107349879526806940837874900836777254888353414176335,2025-07-29 08:00 EDT,xrp-up-or-down-july-29-8am-et,0xa11af5a967935b83979de1f6b578b73feed4522c2459d5ddbd886d2b05356e0e
"XRP Up or Down - July 29, 9AM ET",77521707730021721801206084309995901416581645494916527443644107863265056243605,15010164556524792660265097392670014157542734021802876296039378740252054004168,2025-07-29 09:00 EDT,xrp-up-or-down-july-29-9am-et,0xe6c63825bed1d428bb286a32431996a76586ba98358cf0c72010036b4710ee33
"XRP Up or Down - July 29, 10AM ET",63850036220617416159949423138310355706660513664648706003922200608366116713300,96802484717524120706770847456514202005240032209926671622148283912815470974124,2025-07-29 10:00 EDT,xrp-up-or-down-july-29-10am-et,0x57f52f8510c6678dcc9118cfe6ccd3109e46c11be5c0451ac77cb1c68b9bb274
"XRP Up or Down - July 29, 11AM ET",54279530531344219842237597522249061384095125358547454933815449007179119736690,42354828976991451567057575932819103191508668417949975285950317469988180559314,2025-07-29 11:00 EDT,xrp-up-or-down-july-29-11am-et,0x86c3b3cf064bc9f7ce759d01f479aa0625575dc01c97f755818ebc3acfe3ec34
"XRP Up or Down - July 29, 12PM ET",30066343592377999381032051681804106495860505116745397136852326870432842625736,42500264607723759062994172876195790419031978765417837162426127746889930857017,2025-07-29 12:00 EDT,xrp-up-or-down-july-29-12pm-et,0xa460bcf526e868742fa75e15c11fed4726636aba1bbfd09d20b31358fb3d86f3
"XRP Up or Down - July 29, 1PM ET",20993307473127379763844855896698077570295156839743930888563341179033505779704,69493345642497192827812912709267226710580622243688039791772634054779429503291,2025-07-29 13:00 EDT,xrp-up-or-down-july-29-1pm-et,0x69a708897cd85e3658612b20b5139be78fb1aed80765b6bff0f8cb87c6866384
"XRP Up or Down - July 29, 2PM ET",25361951522005147328509675771867468296509222203599922755002905811536962834194,35273006357164283970443080828236020604240828674890314613292423182115226461208,2025-07-29 14:00 EDT,xrp-up-or-down-july-29-2pm-et,0x2cd4c657857e14d619961218500ef305d45c9f3562895052e054396481a7787f
"XRP Up or Down - July 29, 3PM ET",12644786573364886463627502109759429165426320522409373604812210978813532608357,105279321799398579332018128166286330881955265575403599740170349059227000361607,2025-07-29 15:00 EDT,xrp-up-or-down-july-29-3pm-et,0xb8002be47c49be2d7a2cb57387567746e4405d95a2482da17705d0626e2448c5
"XRP Up or Down - July 29, 4PM ET",89342186294522988288244529896840832847422103965250876041382271927751004401458,47181529765237868827785720130464425270130113126039899913580304075609696048766,2025-07-29 16:00 EDT,xrp-up-or-down-july-29-4pm-et,0x56bbe47e627c156ba8b55853dd64224b8d937847a87851103a4f50cbe505027d
"XRP Up or Down - July 29, 5PM ET",63255080520377362480359945677664605057274179563241194542639388862699639772303,12688737669416599389844222504516234323377067464223783315288172413935558224988,2025-07-29 17:00 EDT,xrp-up-or-down-july-29-5pm-et,0xcce9c2942534c74cb0bfbce291e539ace1a104e97b21bc3624445f3d01f44fc3
"XRP Up or Down - July 29, 6PM ET",68490014505321058544351876131576423802182403032000352168089407525806710450259,83701890878552904935180725597168879323984495238994883389888962797838494235249,2025-07-29 18:00 EDT,xrp-up-or-down-july-29-6pm-et,0x7f288c2acd5cf948eef5971dc1a7b846cbbb53d9dd88876e944fdbfdb40d6d2c
"XRP Up or Down - July 29, 7PM ET",94022671991602015662481838105359237893425419697144456302203980467511881805744,52978788610172501586803186722986755079546965609275005804551506301770592659719,2025-07-29 19:00 EDT,xrp-up-or-down-july-29-7pm-et,0xdf1a4cc1b0ee12838fdf24b83b203cca26f85c275f542d9bfdc70fcac1676fd9
"XRP Up or Down - July 29, 8PM ET",67178006247730655772903891393711502536975911028485962583773870852540798763929,48176054605064491660906551604072914098183334642883769712914739232491329179286,2025-07-29 20:00 EDT,xrp-up-or-down-july-29-8pm-et,0x16d20b2c4009378ca265b298d33d68f10beb0e7d0b83f7b65db562842c99e38c
"XRP Up or Down - July 29, 9PM ET",27724455632717201587206610536389498074769551771876438756525824398231060745496,61506012847520065029430069778444210172119022617224361414793969290354247329948,2025-07-29 21:00 EDT,xrp-up-or-down-july-29-9pm-et,0xf0512a256bbab9461e1d889c5adf5157631347835ddc5f9a84278b06e2e3236b
"XRP Up or Down - July 29, 10PM ET",75655589634366484779569954215024748721582195170770952621174056723554299850894,27315850619324679870256627670032918310756721330865829224176498063590001093823,2025-07-29 22:00 EDT,xrp-up-or-down-july-29-10pm-et,0x31ceeea1a0127d06b45fed25e11ad2dcc406e0153569f7f1cfe48b90c117019f
"XRP Up or Down - July 29, 11PM ET",95396848787586768748282337968745607108918943085382386208567920704432430264202,46983499926428140187451730291552161239639175958237458939169242468542995839027,2025-07-29 23:00 EDT,xrp-up-or-down-july-29-11pm-et,0xad477f65856d3d3c4e8e5c3c5b095857bb40651ec90b6f7eb8223029a10071a3
"XRP Up or Down - July 30, 12AM ET",71436420317471026394214701706462617379688398605768138219352893358102488799849,53405589177820547887036595146693112460287687459511220488156895287791658584887,2025-07-30 00:00 EDT,xrp-up-or-down-july-30-12am-et,0x492ce9593a602f7aed1dab7a43d6f5d2d27819f0c4a8e437c63122469274585a
"XRP Up or Down - July 30, 1AM ET",15949574209581490433048348235254270574193476667501740024187187121242014523009,100099456349329853828545879039587585676807439511237730523212847212145772672350,2025-07-30 01:00 EDT,xrp-up-or-down-july-30-1am-et,0x93d27ed4824315787615f515b30dd7453a70882f95b81bdf70d7b1e722bd0c3a
"XRP Up or Down - July 30, 2AM ET",51417462081988213426659575147698149823289158900210274014285655204499434006951,1358849992198350618473193715734384906568066153709371829615398060708811736013,2025-07-30 02:00 EDT,xrp-up-or-down-july-30-2am-et,0x5f0fecfc3fc5a6abe6d9c194f6c20c2342500c9ae1535f1ed8977a198ca2c8c5
"XRP Up or Down - July 30, 3AM ET",8167636790070589855328933549634180073637229350946818010461979147760521243460,23368785216477080625543803247707897830679095970608739450884264120966654295045,2025-07-30 03:00 EDT,xrp-up-or-down-july-30-3am-et,0xf0499a7ba292404b42f860ff5c7580ea06992301d231f38781f03d0fc73d1e62
"XRP Up or Down - July 30, 4AM ET",5491042238561828319112338939832110890999209907989762150319018321213468811273,18843208044168156697645635823606918084919032162229184302314171527358054013378,2025-07-30 04:00 EDT,xrp-up-or-down-july-30-4am-et,0xcee0435123060544214d46ed8f81d2aa4675a682a9540fbf6637e66f39a76a1d
"XRP Up or Down - July 30, 5AM ET",32049494786015109558312471704181425932957405621259445915555389951031609635692,41625687706043771840415939274348921154965522253614579307036161103223113605512,2025-07-30 05:00 EDT,xrp-up-or-down-july-30-5am-et,0xc927b4df7241a6878920c15cddeade90148c7c07c83e634787bc2b22995d95f2
"XRP Up or Down - July 30, 6AM ET",101415160415452720362940927183914788953284607263587316936020231154419230173961,236686165763499816140512284806216819606995685295059728231639815396339399092,2025-07-30 06:00 EDT,xrp-up-or-down-july-30-6am-et,0xd429328f98478030436b143592c682375c41f23175fe70d04db3c907a900d07d
"XRP Up or Down - July 30, 7AM ET",76100299937500517896931619418680750913198004911944281559282674729765085560510,102144906665385018733915906140303288642304537064169464586856304895191314099798,2025-07-30 07:00 EDT,xrp-up-or-down-july-30-7am-et,0xb98db33923495c863960a80115b6ff5ff9e1f33730d1afd9717b372e23be8ab6
"XRP Up or Down - July 30, 8AM ET",46120410229633075995206524752931262616787878563443302332234362714295358786166,81089838361022254748253675367515748900209721364915871863171269910933703467158,2025-07-30 08:00 EDT,xrp-up-or-down-july-30-8am-et,0xd1ceaf1841c6d152be795eeeb8ca2c8e2ee5947f658b0e85276dd89888fa44e8
"XRP Up or Down - July 30, 9AM ET",81734168350658900931685402508707778566893493261999038756376533476993003714616,61876033218206785808425149704558666930107041032467522998511554918499554061668,2025-07-30 09:00 EDT,xrp-up-or-down-july-30-9am-et,0x3a6aa820ae35305b9072e4be88ac869602cb97a542fb025c10687ad76afe4656
"XRP Up or Down - July 30, 10AM ET",23428222060727313260959978194162501574315835085865339641951655994128979024691,114854740037254427453573948047600299216535129642163980975883788705270261611075,2025-07-30 10:00 EDT,xrp-up-or-down-july-30-10am-et,0x01fc2d4c52295adf694356bedfe1af11d71ac21e7570e9fc7f27741b85855ea2
"XRP Up or Down - July 30, 11AM ET",44783940259458636285025045819413258651093777721523278752598509160427813742989,72128746778180162170537885294244228956182737342211978329647412168132462911042,2025-07-30 11:00 EDT,xrp-up-or-down-july-30-11am-et,0x483449da259e67760b181caa6648a3231d685910cfec4ab0d67f1cc0f2ad7e80
"XRP Up or Down - July 30, 12PM ET",15895135956056008103777207141674307846004713183234009322911652424003518546320,104208461933012158146163116050421857991819579819746383731183700370877032990897,2025-07-30 12:00 EDT,xrp-up-or-down-july-30-12pm-et,0x59a2b41089f06cd350936bdfb445742fc546e72b7555bc46abaff7a89d728d18
"XRP Up or Down - July 30, 1PM ET",56078480678191370215793195636211623727440379317918412878692324840408729124468,69796766841336305963748768606427228086489544505251605284255688063556874316003,2025-07-30 13:00 EDT,xrp-up-or-down-july-30-1pm-et,0x516d166796553a86beadc628c1728cc2506bf38a34ca7db975edc8086953556f
"XRP Up or Down - July 30, 2PM ET",82641231919137927722923443907691201239265826943062031484759120286411376636127,101538470982726273032330864558979803140132962988917971535211283128374086761301,2025-07-30 14:00 EDT,xrp-up-or-down-july-30-2pm-et,0xdbe0f75550e2f147267342ef3d3576a603e01b546d4ed4668e7deb45d972d401
"XRP Up or Down - July 30, 3PM ET",11280669571823665953763578993428141360365250428570814424102285854701733680295,23141427082986085537704513124746043202724825112025490082387522873105341175435,2025-07-30 15:00 EDT,xrp-up-or-down-july-30-3pm-et,0xf5c7aa06a608466f8531c4b1fb15256eea2fc8f417d8beaf1cdab368c95169b2
"XRP Up or Down - July 30, 4PM ET",22386165085653826244533553797207572645096538423807087159414758228952764846947,113299351774972034370456021610273195664159501016737796570476772816897721214142,2025-07-30 16:00 EDT,xrp-up-or-down-july-30-4pm-et,0x0dc593ff34d4cf25f1ae32c6b0a8b2c366706d5d0c540352da2377b183962fb5
"XRP Up or Down - July 30, 5PM ET",87859682267740715260206648549269378424446968875623483782084092115463524533001,42451034066583185993409446148775536306154266732168398998216298645445739395569,2025-07-30 17:00 EDT,xrp-up-or-down-july-30-5pm-et,0x5a3336709fbf6b9f5940257bbdd9878c5aa95970738f758faac698018e01a3c5
"XRP Up or Down - July 30, 6PM ET",21385749060986461299672814214295932629946221469932265824448717088694675902260,81966735673215002684282267814625304140404124907120525376166164458235569021859,2025-07-30 18:00 EDT,xrp-up-or-down-july-30-6pm-et,0x861a3513e67090915d1c836bc9314efe9babc17e841ba3dd44cc3dfbd6d4e321
"XRP Up or Down - July 30, 7PM ET",61511481266945802201808991200256855214682528877820358443074797521844798324292,53922662161431761295123909971174297713345644426753848348465806617372458923494,2025-07-30 19:00 EDT,xrp-up-or-down-july-30-7pm-et,0xd95e6effbe7aff8a79b2299695ec4cc5de187a7eeba3926c17b1a835ca8d7fd3
"XRP Up or Down - July 30, 8PM ET",35457901242778879587279407980023102737725344981778108085790399856427372798977,85669364694951787735544620620214755180728280391202353001627432342623143849952,2025-07-30 20:00 EDT,xrp-up-or-down-july-30-8pm-et,0x51918c0701fc9350a3fb16316aa96b8a8c03bd0b7151625595768df7daa7bfa9
"XRP Up or Down - July 30, 9PM ET",104488676863346657675472385570528289324664318671338148984805019009895326921912,59897506155672029940492833831347951335492501702243087455464297237564431003973,2025-07-30 21:00 EDT,xrp-up-or-down-july-30-9pm-et,0x55173947a1003436934b70db001d8f9975eb514265d7bde549b2f79e328c866f
"XRP Up or Down - July 30, 10PM ET",50536988413308129270942291654522453023282647614237345359429886179495387706457,58625659909880241986684622751949721258783277201948253223146633735890880030192,2025-07-30 22:00 EDT,xrp-up-or-down-july-30-10pm-et,0x6e408b7344b9625283edcc5c8049105ecab3a7e2bb393aeee46f71432c3f4038
"XRP Up or Down - July 30, 11PM ET",54212591550769956753073525673948963757590636471984181094466942875549966540720,113227577721644140162405438865378136122823716575924908585322325332123414391893,2025-07-30 23:00 EDT,xrp-up-or-down-july-30-11pm-et,0x0d66b0ee09cde4307d0509b3ca822150835230b8d50f1c771e9dec30aa9527a5
